ctx,layer,head,L,attn_fresh,attn_prev_token,int_zero,int_bump,int_floor,cor_lag1,cor_lag2_impl,cor_lag2_prot,int_fixed,cor_lag2_fixed
2048,0,0,1887,0.06366682647028353,0.43455539584027364,11.4041561064843,1.4294663045606069,1.4062011527716796,1.4275830728748848,33.35644160391287,1.9582464414980654,1.4065480131490398,1.9582464414980654
2048,0,1,1887,0.03472815581343715,0.23796434422934537,6.4192207655001035,2.9781060300004447,2.8930744402656248,1.5306339068583488,4.808280687245374,1.5570103459547573,2.8930744402656248,1.5570103459547573
2048,0,2,1887,0.04463346007495296,0.8237353170845846,11.557642793763977,1.0863217347836496,1.09027868309092,1.130233293142982,128.58731584960753,2.623965822636126,1.09025820081409,2.623965822636126
2048,0,3,1887,0.052045649388667396,0.3279349925863853,12.272477893577847,2.7099639395016797,2.2087065916172826,3.8378465708995235,20.878087115047858,4.568933693568565,2.2087494768114295,4.568933693568565
2048,0,4,1887,0.0051044064355136,0.03735810342140232,6.731189010021224,6.018567628922385,4.548885756738107,4.2064292866115185,4.536155259897614,4.252325962981217,4.541721337369157,4.252325962981217
2048,0,5,1887,0.007022558636002362,0.03558246207152645,5.422995114580527,3.44575450566051,1.8064011863683271,4.511740533960193,4.50622263035588,4.343734541601503,1.8081602736530191,4.343734541601503
2048,0,6,1887,0.01286443118502728,0.04048370165424399,12.588123756154724,4.577739863121326,2.24782610906399,4.8101289105163225,5.778373636032515,5.449793769600828,2.2511234281477774,5.449793769600828
2048,0,7,1887,0.0031661340908252593,0.03054126873146039,5.78440655788305,5.778336042904687,3.6977646280946095,3.4653766447913097,4.15849684904818,3.9397300265058894,3.7061948788464285,3.9397300265058894
2048,0,8,1887,0.0226054334709186,0.007653291019124238,2.2748626462416084,1.5840582100240195,1.6365661171230241,1.645723166333333,2.0193540504699508,1.3568059948198277,1.63166590116631,1.3568059948198277
2048,0,9,1887,0.04854349304229985,0.00014006217130569369,15.801881687294824,11.17467943517107,7.523248446679285,3.615240407131304,2.4655713380293194,2.4628617116276224,7.523248446679285,2.4628617116276224
2048,0,10,1887,0.03134727791889662,0.01832038262860021,9.154836134499545,5.231034694034696,4.577599008289703,2.729565806945025,4.777722883014386,2.561346567831574,4.577599008289703,2.561346567831574
2048,0,11,1887,0.05005331217409581,0.0014791899891618864,7.877384613010726,0.9238837396417091,1.0318988344942188,0.7983272492623276,1.0884641951979344,0.9377823838656262,1.0243043838572412,0.9377823838656262
2048,0,12,1887,0.0013750514902689118,0.0008143742821156307,3.659293807961356,3.6714666390435977,3.749014979381809,0.9328171333394856,1.2394510146942495,1.228190326650597,3.749014979381809,1.228190326650597
2048,0,13,1887,0.0014819964978745354,0.0012486669225861826,2.299850348350501,2.7405168858045834,2.375647562159735,1.259073734609421,1.242973186725856,1.2184982524823622,2.375647562159735,1.2184982524823622
2048,0,14,1887,0.002160446796581273,0.0012035599374205523,4.5638405573085725,4.389999963596387,4.575583185524917,0.9443346209757582,1.3756713387109587,1.3592478402680028,4.575146280032272,1.3592478402680028
2048,0,15,1887,0.00823538111551427,0.006416720626516937,1.9853302814662852,1.2070876295948412,1.1585619047589262,0.7702279243628544,0.8547419060521186,0.8986687115128491,1.1585619047589262,0.8986687115128491
2048,0,16,1887,0.0068366022462221804,0.0013172686364539116,3.021942515461419,2.8967694401177635,2.6279913161696973,1.0217382590664792,1.0662699439257395,1.0350916338637213,2.6279913161696973,1.0350916338637213
2048,0,17,1887,0.07630869023240938,0.029874428215923746,16.441130692100067,1.0616816041825843,1.2434236702083628,1.0635846945114107,6.23269694705481,1.0146851031112798,1.2440619451397144,1.0146851031112798
2048,0,18,1887,0.003752975941986089,0.0006208178320700494,2.5510225263900286,1.9224528728480952,1.8901581796723108,1.6902309225971772,0.9899452637048586,1.0083063743111056,1.8901581796723108,1.0083063743111056
2048,0,19,1887,0.009453096089809121,0.0033760879092082246,2.814571918824688,2.5876108110479206,2.6239222930631048,1.9162420909505309,2.6339284817605693,2.6192797660132596,2.6239222930631048,2.6192797660132596
2048,0,20,1887,0.005990898144537708,0.0034710018791544875,3.9824864815020145,3.6615370885635645,4.044916987634787,0.47518826887275273,0.44240109123108223,0.42528697846714664,4.045331580760398,0.42528697846714664
2048,0,21,1887,0.006274737803159358,0.003448873515509012,5.017370160243749,6.65312968397305,4.7987970403799025,4.0168118759891875,2.5303780170413672,2.577912635705626,4.7987970403799025,2.577912635705626
2048,0,22,1887,0.004078410761274866,0.0026696136107998087,4.109235165376821,3.781478083442316,4.188108419537066,2.1227368446134234,1.823023833914568,1.7962906958784033,4.209889286950681,1.7962906958784033
2048,0,23,1887,0.009588491288210677,0.003404618882614207,10.531574459909375,10.79181795794038,10.769254185003353,1.7314142896969953,2.602013658333476,2.4932567949838678,10.77318322805432,2.4932567949838678
2048,0,24,1887,0.05994956680528266,0.06437526896616699,34.70591477093895,3.7475544853933354,2.1290747845324383,6.009816310330755,5.639686881101571,5.1152512604938725,2.130765902991534,5.1152512604938725
2048,0,25,1887,0.0074728032130381246,0.02454842891950427,1.9003918474585995,2.4659777041830258,0.8762162424552253,4.053633202986539,2.3390642684831757,2.695475310855851,0.8763711888388913,2.695475310855851
2048,0,26,1887,0.03675293482013769,0.05469554458412467,29.673654577947627,2.988016030101042,1.2143326457301449,4.192851274299896,4.683662458793555,5.108094667501663,1.2143326457301449,5.108094667501663
2048,0,27,1887,0.030091902491679253,0.05674136115109335,12.186439181148746,1.9796048581115258,1.0567785670097378,4.713219671017567,7.344423191309938,8.397654319448382,1.0488844611229309,8.397654319448382
2048,0,28,1887,0.0002078559849804363,0.0012685871647871042,2.791544977461915,2.6839838577271498,2.8646196416371,0.8742402613644414,0.8564467854459469,0.8588233321844786,2.8646196416371,0.8588233321844786
2048,0,29,1887,4.9710673372418436e-05,0.0023556412774854343,26.55750423048686,23.58341749309625,26.521971418606043,1.7449389082105835,1.3874282366217845,1.3923652843377325,26.521902699211935,1.3923652843377325
2048,0,30,1887,0.020051749991112408,0.002193363950843428,12.607468973694337,7.9931276283977155,5.46453533102597,2.0134580194994918,1.975870649373303,1.9806952634534503,5.464207955011515,1.9806952634534503
2048,0,31,1887,1.2582848258071127e-05,0.0024011688257267747,2.507601063789571,2.9237063115652826,2.512584310212121,1.1644085977649798,1.225163852011459,1.2335912918470933,2.5113983061254443,1.2335912918470933
2048,1,0,1887,0.04814803224700309,0.13546963111278304,26.359979078886564,1.018254872580385,1.018235363823667,1.0767583538941732,49.33375520763677,1.1583021248359404,1.018235363823667,1.1583021248359404
2048,1,1,1887,0.01794758158780492,0.19252837899535738,10.489707229125482,0.9858754026390344,0.9916204175201695,1.0230839149017084,71.46867496394964,1.099950525892567,0.9916204175201695,1.099950525892567
2048,1,2,1887,0.007051800641208956,0.0007191306481110388,5.69501498656436,5.125237992029187,4.466160893509252,4.615978540795338,1.1930969427023717,1.17402521462523,4.466160893509252,1.17402521462523
2048,1,3,1887,0.006973740921481611,0.005265274614914942,13.717917668891923,1.7463549227092028,1.5511411956350252,1.8896435735304942,6.092536872844358,2.9267574229691466,1.5511411956350252,2.9267574229691466
2048,1,4,1887,0.015167329133421186,0.0014038317617943853,74.72413950536297,2.4199653045330853,2.2769473399984905,3.581659466157259,5.310820253759987,4.573379681424518,2.2769473399984905,4.573379681424518
2048,1,5,1887,0.019579872067557638,0.012218595707591779,54.516532716556334,2.41291457204363,2.3190427636666993,3.282042044837675,17.695393205044855,2.001434072361719,2.3190427636666993,2.001434072361719
2048,1,6,1887,0.002357127337322947,0.0013972961016551829,12.216998262675757,3.8982076678768625,3.5525650628308134,2.9434213725846265,3.5577060435960184,2.998384635919228,3.552641926223456,2.998384635919228
2048,1,7,1887,0.0011881906593624667,0.0017931637222063203,3.7430412472459023,1.604019830733429,1.3883251548543425,2.1851791845291904,2.8394082639854052,2.16645268952992,1.3883251548543425,2.16645268952992
2048,1,8,1887,0.002184326525019363,0.004242948695587833,3.5395660926507233,2.685984152154247,2.5486856133784106,1.9097271305222907,2.169763787270737,1.015735205141052,2.5449506224856657,1.015735205141052
2048,1,9,1887,0.0017492672757091602,0.0008258277972962357,1.4579082402720625,1.3634152629880971,1.446460658051763,1.1938312607722383,1.4412141094840976,1.4527804502218256,1.446460658051763,1.4527804502218256
2048,1,10,1887,0.06045264608079727,0.10915229195550484,23.013828144475877,0.979849128600206,0.9620971696375421,1.0212862910369034,47.56614978636523,1.0477440486532101,0.9611228784654925,1.0477440486532101
2048,1,11,1887,0.04869358589301389,0.07898910541241293,34.641972287829645,1.882819675815017,2.041075164828034,1.799599509853719,32.85305076956768,2.8979510238616006,2.041075164828034,2.8979510238616006
2048,1,12,1887,0.004609214358698143,9.16914183703105e-05,2.0156821441094253,2.825271236141446,1.8248662466935157,2.342127350564046,1.859169668038317,1.8580849556610421,1.8248662466935157,1.8580849556610421
2048,1,13,1887,0.02199605539229616,0.0005109981479968003,42.496695701415156,3.517978621875956,3.0536678091813427,3.392454651664139,5.191396507018047,5.107015586109752,3.051563750500097,5.107015586109752
2048,1,14,1887,0.06724816056938554,0.00048330418136722814,20.689261184096836,3.1055905647746065,2.1902696504723806,1.6912560749198864,1.510646397369087,1.5111248942524427,2.1902696504723806,1.5111248942524427
2048,1,15,1887,0.0012059081403256052,0.0019431107049492993,2.6044522841978472,2.0470133858429604,1.9203335271096358,1.6839062481195346,2.019949444366265,1.6587771340741038,1.9129116329994853,1.6587771340741038
2048,1,16,1887,0.011258004676098936,0.05358877895294131,21.432775779190496,1.1785489048276139,1.1641076493837716,1.3016465265610713,74.18199696796995,8.469491933490891,1.1590979724768862,8.469491933490891
2048,1,17,1887,0.005367191524589109,0.014449823562851016,8.16030210947672,0.9986363451306003,0.996233328154176,1.0353083875003302,16.613107191743637,1.3920152938765733,0.9962343524995226,1.3920152938765733
2048,1,18,1887,0.018445998075862644,0.00875341710751225,20.951508272693452,1.2171213704313164,1.2234142309463332,1.3485042507624374,12.152008365793382,8.929305334263896,1.223415634677797,8.929305334263896
2048,1,19,1887,0.006006378978731291,0.0019672218829508694,4.333507497299688,1.3772704524958197,1.3809623271370899,1.6426373436095694,1.7454858217529798,1.2337432280686789,1.381005578476602,1.2337432280686789
2048,1,20,1887,0.040574656560884964,0.39677633765456743,9.892840660597,0.9784188563727201,0.9781610445107033,0.9762617501790789,87.95313665628889,0.8641010149859092,0.9781610445107033,0.8641010149859092
2048,1,21,1887,0.01959452625705342,5.017304376446356e-05,12.902749761852146,14.13686501640315,8.993202333201728,7.503516379153899,4.152767552732155,4.16502060705825,8.993202333201728,4.16502060705825
2048,1,22,1887,0.051003157026467696,7.262422929863738e-06,3.185936322935141,0.8919056514597037,0.8919533273012337,0.8927044608113501,0.9995853863091038,0.9993084228740392,0.8919534712397119,0.9993084228740392
2048,1,23,1887,0.020710321632698737,3.445698821048159e-08,215.64632161939286,188.57628170102782,188.189308538444,188.89172675619997,2.526849254378151,2.528864850916574,188.189308538444,2.528864850916574
2048,1,24,1887,0.0015419344453580877,0.003002643388974324,1.9973176533174803,0.9254790013653891,0.9196088137432769,0.8971317495883788,1.786850723668781,0.7345291357869416,0.9196088137432769,0.7345291357869416
2048,1,25,1887,0.14198879522807098,0.0017096842641838484,26.090757001230187,0.9911486333459298,1.0056686189005781,1.0096721429398865,1.0905380232864088,1.0333750279423997,1.0056686189005781,1.0333750279423997
2048,1,26,1887,0.12771674238660122,0.01216004338613104,18.65160141907314,0.9974551600752755,0.998829114967194,0.9946539537430273,1.3763285560711924,1.0045326480475671,0.9988308940440054,1.0045326480475671
2048,1,27,1887,0.01424219486894423,0.005164418811983615,17.447447864633542,0.965930530258952,0.9823288949496651,1.0253239401598935,3.128756834389848,1.2681236082806442,0.9823288949496651,1.2681236082806442
2048,1,28,1887,0.02284719111164974,0.0003972783068479535,5.6419937238627265,3.053098533305627,2.369713934855087,2.2795114106263115,0.9666166111663268,0.9507541522199472,2.369713934855087,0.9507541522199472
2048,1,29,1887,0.005017150362307929,0.005310699905048716,3.107527245411758,1.6536420323570793,1.4112292268220399,2.001774023871255,1.873161634780916,1.1254125411309752,1.4141960939929321,1.1254125411309752
2048,1,30,1887,0.008190180759677831,0.006121952027041253,14.439134045836246,2.170557756412431,1.8720951204065965,1.8401134185249999,4.608405275911499,2.5764713505869334,1.8720951204065965,2.5764713505869334
2048,1,31,1887,0.09867805261741826,0.0048811270266495115,42.4282726079605,1.2444555779344715,1.1523600739064894,1.5015671895096823,1.8402299427238933,1.4324875978006886,1.1521632650227702,1.4324875978006886
2048,2,0,1887,0.0005634573520436856,0.00028603667735281407,1.224522426715402,1.1196480411566003,1.1247968241691955,1.355748572114665,1.1187939910791938,1.064761141459344,1.1246906177645042,1.064761141459344
2048,2,1,1887,0.005174451864303389,0.0022342127934898742,6.573485950187084,6.015526537542142,6.243636419087509,4.004585664824867,2.795970560831315,2.661592513802228,6.243636419087509,2.661592513802228
2048,2,2,1887,0.004919770168242828,0.00036635531700079916,14.885197121252892,2.0073847358707986,1.9901243245279896,3.400434736847524,2.768616193898872,2.140704563355027,1.9901243245279896,2.140704563355027
2048,2,3,1887,0.0004691907769656103,6.992483827488975e-05,6.105209076980767,5.960721288371487,5.908064832100289,4.313819056397085,1.7382859353511069,1.7323058370029862,5.91376639967902,1.7323058370029862
2048,2,4,1887,0.01263811297021612,0.02642272802300945,7.172904227333886,1.0212102785639938,1.0384169564256143,1.0454611106873468,13.780027719877204,0.9908242154239078,1.0384874824187669,0.9908242154239078
2048,2,5,1887,0.008746398379230655,0.0003871188960461908,1.4421108028102467,1.096038529542409,1.23697162798598,1.025740048989433,0.7851016461290079,0.7791123879017663,1.23697162798598,0.7791123879017663
2048,2,6,1887,0.0017974232802045278,0.0010996833916417218,1.0907966756159568,1.131870509754834,1.0195062925741314,1.0530352958150317,0.9705353870196965,0.9363323933582764,1.0195062925741314,0.9363323933582764
2048,2,7,1887,0.024805118330597745,0.035348319636283154,10.707844419581624,1.019361031251647,1.0175281937345426,1.0526195940129062,15.666960749166355,1.0781598846124794,1.0175281937345426,1.0781598846124794
2048,2,8,1887,0.010292236261437954,0.0012918657451615218,18.938320801717893,3.6768095626975863,3.588693971391111,5.451680351043538,3.0246765591718843,2.1771081901062797,3.588693971391111,2.1771081901062797
2048,2,9,1887,0.007484098418569273,0.003702339730691344,13.059626205118084,1.4685736215234932,1.3706728333951987,1.7871103357629725,6.033698065755704,1.1888858647668492,1.3687052836491875,1.1888858647668492
2048,2,10,1887,0.0011399680334946186,0.0035164923175794757,3.4142388001362707,2.955933476658636,2.449544204922073,2.5359794357408436,3.5222040432375157,1.572604139540148,2.449544204922073,1.572604139540148
2048,2,11,1887,0.0021836780682182822,0.003972064820480939,6.427785525572016,1.5173214079183084,1.4455176359018873,1.7242995077470813,9.82288323521389,1.9743856635034491,1.4455176359018873,1.9743856635034491
2048,2,12,1887,0.04333830456498449,0.019944649596851775,38.71898493994466,1.1156080300912024,1.1489321915203219,1.335997669048109,16.171633517028248,1.366099271191242,1.149377324746359,1.366099271191242
2048,2,13,1887,0.01670330500084579,0.009497603608071357,3.9929584127956335,1.0679658531289848,1.0639637811682063,1.1149455683872445,2.0573854288830873,1.0565592140759417,1.063944385920317,1.0565592140759417
2048,2,14,1887,0.003410519301443097,0.00013180531857315983,3.9381723940166804,3.808516905242308,3.751420085197446,2.974098529591571,5.213674080030474,5.210382773098792,3.751420085197446,5.210382773098792
2048,2,15,1887,0.011504486396956306,6.831296127982394e-05,17.9394283951067,17.533800781092946,17.281236717234016,10.158370020046965,11.61951608082334,11.63387987003828,17.281236717234016,11.63387987003828
2048,2,16,1887,0.0014694944611361193,0.01905677591084077,1.4699492299698789,0.9085655141817779,0.9400107406474795,0.9979693316112622,20.39237861756551,1.0372665582449738,0.9400107406474795,1.0372665582449738
2048,2,17,1887,0.05868176960730273,0.04979282354247586,6.164692019682009,1.2163047500925679,1.1928385944076987,1.3171710883061731,3.87470050957444,1.3454476344472401,1.1928385944076987,1.3454476344472401
2048,2,18,1887,0.0013278124050448092,0.007087351511726268,1.9741356820965517,1.0070499815434004,1.0014204138161242,1.2784271068501945,8.474212602908933,1.120495517311161,1.0014131072979608,1.120495517311161
2048,2,19,1887,0.0038440512007465095,0.00031737733485017605,1.3154431405849103,1.3340196442873906,1.2415732536079005,1.2111221885957797,0.9929667073903345,0.9856540184944005,1.2415732536079005,0.9856540184944005
2048,2,20,1887,1.1763487382606361e-06,3.6248711972822265e-06,161.2490411161068,161.2892277974567,161.27785656860553,169.15122843415148,76.86746554535074,76.86756406631778,161.26560622572217,76.86756406631778
2048,2,21,1887,0.019763318065568584,0.004381831151062657,16.44599877683335,2.3911972898862377,2.5083562975330453,1.89149566694821,2.381445270693796,1.9773415712150149,2.511117788879982,1.9773415712150149
2048,2,22,1887,0.04105139937290779,0.012556300167484736,40.45513894014408,1.725183988768605,1.756007500863769,1.8751111623122279,6.1280265922743595,2.7183710269697197,1.7596923185364814,2.7183710269697197
2048,2,23,1887,0.014835075302056194,0.0024490442763199284,4.408522601022243,2.8184260868111815,2.651611772634028,2.1604725039243857,1.8800116375361615,1.8524916286986501,2.651611772634028,1.8524916286986501
2048,2,24,1887,0.01601548195841582,0.019263374191316053,6.919835445513145,1.8858785130863567,1.8670215552890148,2.4228324735175373,6.901254552058086,1.7463844391552945,1.8668719612372031,1.7463844391552945
2048,2,25,1887,0.028037435139661664,0.22760686003720573,7.488304535219654,1.0028562773233487,1.002037309619083,1.0018409469613057,68.39914606022438,1.0087063302841657,1.002037309619083,1.0087063302841657
2048,2,26,1887,3.371067526060014e-05,2.5507951603170993e-05,4.395725789509182,4.3921889313796,4.3965629721688515,1.966200231758384,1.9853838703684878,1.9853413790050836,4.396562833250822,1.9853413790050836
2048,2,27,1887,0.0008596883602715096,0.002748347618053608,5.2789031066623195,2.3041007748597884,4.769822356096851,5.651226381123594,8.758618496605655,5.429367139272922,4.769822356096851,5.429367139272922
2048,2,28,1887,0.004375647836649284,0.012753156224020583,5.024683415807365,1.3446682181646814,1.3412128595648949,1.4046965998717085,9.952745243116643,2.051298437209589,1.3412128595648949,2.051298437209589
2048,2,29,1887,0.031338293432979676,4.1796452500752394e-05,6.48687484095589,0.991746652142979,0.9920092836859025,0.9958377483541647,0.9968262017710217,0.9978813739029212,0.9920092836859025,0.9978813739029212
2048,2,30,1887,0.003440276188487191,0.0019142757619212462,14.32051280295161,1.477549585818349,1.3541412618214919,1.7805343524567705,5.843928284309698,1.6584480176284226,1.354353641739795,1.6584480176284226
2048,2,31,1887,0.005733800340741793,0.04104270400061272,1.6766503974890667,1.0094516751860048,1.0101093242237538,1.0494692553809724,6.706075544713236,1.1190238090682776,1.0101093242237538,1.1190238090682776
2048,3,0,1887,0.010441551300302523,6.0300434263163436e-05,2.1125022740532744,1.9710134527269376,1.9829697524149998,1.9215257475925434,1.2271817933385365,1.2369129623753803,1.98849424221887,1.2369129623753803
2048,3,1,1887,0.0010771595514172422,0.0007870595662027997,3.4538948871166566,3.437568870297336,3.268091867283909,2.172156444215109,1.496735925488292,1.4315154816649667,3.306047334040395,1.4315154816649667
2048,3,2,1887,0.0140883128293122,0.001479267586825977,8.980685180148804,1.0117620895754111,1.0242973867778224,1.0564398071830265,1.4349235338900146,0.9930651251413333,1.022945348376513,0.9930651251413333
2048,3,3,1887,0.007936026168798705,0.0023657036531232983,5.624368430349655,0.9810592506486613,0.9798316691172578,0.9961867841122699,2.0620171445620588,1.0017570877487627,0.9797989255402434,1.0017570877487627
2048,3,4,1887,0.008879691533131367,0.0028018044039026736,6.201987283651943,0.9516483507989538,0.9718507127768549,0.9221393537865052,1.686660658265945,0.9163918670607817,0.9718507127768549,0.9163918670607817
2048,3,5,1887,0.021632035399376692,0.01205232314352468,10.92731963195962,0.9854533291096238,0.9877759204998252,0.9703811221507938,4.085894985068434,0.9744522035531741,0.9877759204998252,0.9744522035531741
2048,3,6,1887,0.013776312489715095,0.0029313337695255097,6.664031682159083,0.9920590482443895,1.0122816355081024,1.0047935450470324,1.6280606630090355,0.9951816540823355,1.0122816355081024,0.9951816540823355
2048,3,7,1887,0.033132774078066245,0.007886446914522583,7.693192004159699,0.9951688023629515,0.9971373855997956,0.9937791771151933,1.9151966247150525,1.0185267410599002,0.9971373855997956,1.0185267410599002
2048,3,8,1887,0.02269631781946317,0.059038191695390256,4.750493937486758,0.9990463174967472,0.9988127224705873,0.9988454501975014,19.918363979685616,1.0023899879018037,0.9988127224705873,1.0023899879018037
2048,3,9,1887,0.00684624575483106,0.0024423644653624632,1.987710304155987,1.2030168101671987,1.201076746805395,1.2844518879454976,1.388974221523467,1.0792374908888391,1.201323065814989,1.0792374908888391
2048,3,10,1887,0.022761614859191023,0.01316451719027694,10.1282362781746,0.9832443563672261,0.9813863940311983,1.0039928400205373,10.160287434580045,0.9915396482025445,0.9813845622223755,0.9915396482025445
2048,3,11,1887,0.06931130494830308,0.009564170520661216,13.133712407925454,0.9980267596615003,1.0011452125267297,1.0103445040794585,3.432177910064942,1.0129531733950015,1.0011528564060008,1.0129531733950015
2048,3,12,1887,0.008790890333119585,0.00021588629917248568,1.1927497123063777,1.2407043888611722,1.2514336366460213,1.4238283193596641,1.616480165160544,1.6341359031901737,1.2514336366460213,1.6341359031901737
2048,3,13,1887,0.011901926050322538,0.0012177930601437392,2.0968099595356713,0.9909253820221468,1.064316842572386,1.104003680694894,1.5484765011836086,1.4506714743217028,1.0568214365889803,1.4506714743217028
2048,3,14,1887,0.018167359448701847,0.0011360837195875007,7.63978585599316,1.394043060023677,1.4703505061830224,1.4535667307907392,1.6486654348362242,1.3993067700894142,1.4703374342289859,1.3993067700894142
2048,3,15,1887,0.0448185478689371,0.004575020936431181,11.516488575883821,1.0360905708423322,1.0387846483993186,1.0641806074568383,1.9690654500967593,1.0574919492847208,1.0387688060386573,1.0574919492847208
2048,3,16,1887,0.024919376846134732,0.007023263146063641,28.561847259417174,0.9337403325212722,0.9376902400660155,0.9664152825680022,6.562539879107108,0.9863850380433203,0.9376902400660155,0.9863850380433203
2048,3,17,1887,0.023654141203332563,0.1800556375656795,8.106815355631149,1.0230903098860633,1.02531044756204,0.9973463490331587,43.98888176462776,1.071044664406454,1.0253104222424838,1.071044664406454
2048,3,18,1887,0.02465366522783693,0.10920039246344343,12.669327525968075,1.068388643510138,1.0728216714530452,1.0870178806459918,41.730609821617115,1.8982459774365368,1.0728216714530452,1.8982459774365368
2048,3,19,1887,0.25391887097618676,0.020646034097008988,100.50624689971846,1.1395467348437585,1.2389879243400705,1.245460053827288,6.332982417973472,1.6433424843946003,1.23954405023381,1.6433424843946003
2048,3,20,1887,0.0007149324298457395,0.00011670107999277946,1.6789709531633406,2.010027462244449,1.60543750415477,1.61480188063087,1.336346117461992,1.336180291323039,1.60543750415477,1.336180291323039
2048,3,21,1887,0.017418840368252798,0.0016330976757469155,14.775945018406441,2.0408116805309047,1.8379031041233878,1.7330684965177099,1.568028984109463,1.495481225789088,1.8379031041233878,1.495481225789088
2048,3,22,1887,0.002101225458272943,0.00012468941052133726,1.8173497156400298,1.8644012325425785,1.7190611859900642,1.9111501332629013,1.469998420117623,1.4666519187750047,1.7190611859900642,1.4666519187750047
2048,3,23,1887,0.18196360824240565,0.005633461790770339,34.04046633536187,1.7519971901347433,1.4165210113566238,1.9045623547052608,2.042967397936645,2.0273165304272105,1.4165210113566238,2.0273165304272105
2048,3,24,1887,0.013069299593154279,0.0033685902591138214,7.278519549615959,1.0242584028973747,1.0443579384396962,1.165224083689159,2.6493919584677017,1.1698232919121319,1.0443579384396962,1.1698232919121319
2048,3,25,1887,0.012190661437008012,0.00011638346214924319,3.3830772283343795,1.390260134229401,1.4094066158816538,1.565964164299384,1.2306255032138669,1.2268658805950525,1.4094066158816538,1.2268658805950525
2048,3,26,1887,0.002890500000805607,0.03255211822626016,1.8130582430931763,1.0551801331592168,1.0577883396349004,1.065873474830852,15.521093826778936,1.1442849795302392,1.0575987729904506,1.1442849795302392
2048,3,27,1887,0.018157833741400488,0.0003415343641411167,28.825982662689775,24.804033778958146,25.055271090455363,17.21915946786279,1.3734165587950828,1.365480436927425,25.055271090455363,1.365480436927425
2048,3,28,1887,0.023541549204414296,0.003582638743717188,6.661510703116432,0.9118646548000482,0.91008153777402,0.8941534638009365,0.9584234406580981,0.890325955660026,0.91008153777402,0.890325955660026
2048,3,29,1887,0.02057873611871766,0.001880939723252932,5.265093177085779,1.2861823673931025,1.2778764839587093,1.1692703491608285,1.1427327235663616,1.0413292045309661,1.2778764839587093,1.0413292045309661
2048,3,30,1887,0.05031235928997478,0.0019107103476473444,18.977765953103816,2.6499358612715547,1.5779932985443057,2.691844289508561,1.146947303042654,1.1222254408423173,1.5779932985443057,1.1222254408423173
2048,3,31,1887,0.09521772376224708,0.004437383518097702,15.305460542282592,1.010101680737727,0.9986792471922996,1.0142122403839169,0.9659089506952085,0.9639788477167996,0.9986515035385874,0.9639788477167996
2048,4,0,1887,0.007177546680017103,7.180836017142022e-05,6.024975847921465,7.343222199727107,5.294011407357067,9.072895862861628,2.665744374662914,2.667576896187584,5.322428584452468,2.667576896187584
2048,4,1,1887,0.0032204426112991944,0.002305620634732427,2.0000076326686873,1.4734976275191856,1.4565236340609653,1.5721583079330252,1.2872337015376476,1.2270874662953122,1.4565236340609653,1.2270874662953122
2048,4,2,1887,0.010835257221138997,0.000541963604363442,4.544888529941229,2.34365201645263,2.3196344993993256,2.176119525741903,1.293040079861137,1.2768559915764304,2.3196344993993256,1.2768559915764304
2048,4,3,1887,0.01721561240110514,0.0007749559923860702,5.190969063566679,3.5051005927814476,3.121310398052363,2.467759067564434,1.4347256180032757,1.429559990461582,3.121310398052363,1.429559990461582
2048,4,4,1887,0.026653299235863594,0.012479905939984513,9.317887612935163,1.01186670883189,0.9981807091109786,1.0970551656348524,3.8513288844652975,1.1037739434557177,0.998214729097046,1.1037739434557177
2048,4,5,1887,0.14753944636702604,0.004927932122360839,35.57810905936326,2.696294865432913,2.613143119061002,2.38128997779327,1.5573608463303747,1.411243046365248,2.613567516830237,1.411243046365248
2048,4,6,1887,0.012189952087045139,0.0008299136985767693,2.157903790342928,1.1721035639921704,1.1870315363485822,2.0656481301541527,1.3339871519976374,1.3026311846175402,1.1880256925256494,1.3026311846175402
2048,4,7,1887,0.1480718736456876,0.0059099282913144926,42.72979340750503,1.0070437991373253,0.9991521630185202,1.1120082747365727,1.8786030783192773,1.0538806701400079,0.9991521630185202,1.0538806701400079
2048,4,8,1887,0.004245943505753668,0.00028524434508491717,1.3273546538202978,1.327509707583543,1.4397803175208312,1.4118905870879868,0.9665931453058056,0.9676848312365259,1.4397803175208312,0.9676848312365259
2048,4,9,1887,0.014065871624363381,0.006405723127376039,10.786833590607035,1.0015480471178297,0.9993677495142986,1.1286511628846985,5.791978256225258,1.0003854329406845,0.9992006237468835,1.0003854329406845
2048,4,10,1887,0.0019294269979659637,0.0014187735472010613,1.4700027507477982,1.3684918832663289,1.4298687661084442,1.4984109875198721,1.1733854337258325,1.2044128285508304,1.4298687661084442,1.2044128285508304
2048,4,11,1887,0.16796343616695772,0.010524998605398858,64.20260603135199,1.6869703026712588,1.6431663425171539,1.5213463485473555,3.047195502316515,1.553456868630306,1.6485965388972619,1.553456868630306
2048,4,12,1887,0.034271109635622916,0.1807851407906646,5.365341173253421,1.022277218318253,1.0225055965009704,1.0313576080735203,16.650108874824834,1.5622043009204714,1.022657665817072,1.5622043009204714
2048,4,13,1887,0.055074405928850996,0.024423910601069226,8.99443935244851,1.006347998972869,1.0060360333164922,1.0103510624304015,3.5452823680476,1.0144880140191552,1.0060360333164922,1.0144880140191552
2048,4,14,1887,0.15743013998784416,0.03851931911151791,27.300104372678774,1.038093797135808,1.0363562535572035,1.0471798875763454,4.220955583910884,1.0913458421528806,1.0363562535572035,1.0913458421528806
2048,4,15,1887,0.01083784374162069,0.0010522227229982188,3.21788047581517,1.660324437146211,1.6617369406426474,1.5394653944521426,1.3364136351775078,1.3087584659579103,1.6617369406426474,1.3087584659579103
2048,4,16,1887,0.03066190516138438,2.2432629889553504e-06,23.768153959288547,45.0188179793998,21.472224801609364,40.6185760714856,12.072063889685358,12.072708590357307,21.472224801609364,12.072708590357307
2048,4,17,1887,0.012596195697747038,0.028982728375248255,1.0751842129829206,0.9999352439415028,0.9999025197002748,0.9998839866158806,1.1266805842738439,0.9999269617137163,0.9999020604547831,0.9999269617137163
2048,4,18,1887,0.030531751431828347,0.024292710516690883,3.490606788307126,1.0069262623875752,1.0073009285184058,1.0103865863564512,2.055227308657407,1.0049967646099562,1.0073009285184058,1.0049967646099562
2048,4,19,1887,0.045977863130170195,0.0005136424182743521,2.7037053555549306,3.4136973028198088,4.568260203361059,2.693576459588429,1.2721116109765458,1.2665262640146373,4.569108342169972,1.2665262640146373
2048,4,20,1887,0.0011183898882451426,0.0003288961448531544,1.5124820879248513,1.590435560474356,1.4295485199567795,1.6786974962049455,1.1719737185842258,1.1257940512229405,1.4295485199567795,1.1257940512229405
2048,4,21,1887,0.0008182394526953675,0.0006992256593575026,2.290574494062258,2.4315592365125744,2.1527661775654083,1.9910237308542165,3.7621035908030604,3.5540676067746415,2.1507790029524467,3.5540676067746415
2048,4,22,1887,0.007336786959434484,0.005958938113173371,2.2221490522014773,1.0328590898141694,1.037027328825458,1.0437110634537865,2.7826026885199635,1.0765501315687904,1.037027328825458,1.0765501315687904
2048,4,23,1887,0.024764006054140697,0.00013262050716649065,7.3258630507937035,2.1229887081217638,2.1460052027273497,2.68965996051602,1.396656833616666,1.3868089568427138,2.1460052027273497,1.3868089568427138
2048,4,24,1887,0.025364757783322603,0.16590974750751397,2.5676599028123377,0.9965767067900692,0.9966295550313599,0.9927539838095958,24.128145655371767,0.9952457332436327,0.9966526050853854,0.9952457332436327
2048,4,25,1887,0.048528008024547105,0.031144591342919158,26.74499518725142,1.1210950494314027,1.100306285957996,1.1943533644876818,21.136771017941086,1.0732801492705375,1.100306285957996,1.0732801492705375
2048,4,26,1887,0.31839148221015784,0.05885238455964879,40.9154354998234,1.1060538857244384,1.1196268858687382,1.2039364104068506,9.427553837705874,1.1444802237165783,1.124407311536683,1.1444802237165783
2048,4,27,1887,0.007153865064360332,0.008772884431714034,3.169570789926021,1.0163631224876497,1.0188990140516963,1.0401706220932834,5.290984226383372,1.0214668297293055,1.019028608966524,1.0214668297293055
2048,4,28,1887,0.005361614921655427,0.006012086281559223,7.015424783895014,2.4259404673894394,2.3143849657534847,2.1170612412465744,6.299069408775504,1.4278653724738462,2.3148099979868517,1.4278653724738462
2048,4,29,1887,0.01903332644561938,0.0008439103162558241,10.38150271457894,3.2100350510201383,3.337014451921763,3.868388161192419,4.4631609732844195,4.209602948018824,3.337014451921763,4.209602948018824
2048,4,30,1887,0.005846527110492626,0.0017140071681141685,11.201571653949722,1.4467587234903807,1.42121870575994,1.4760485146975848,4.956808517556719,1.7238436465659512,1.42121870575994,1.7238436465659512
2048,4,31,1887,0.009877982378165019,0.0007865063650138836,3.638497228454411,1.0228868136702216,1.0201794531280683,1.018264229021328,1.0771771992664416,1.0244162786909212,1.0201794531280683,1.0244162786909212
2048,5,0,1887,0.003925871720534363,0.002010018846494924,1.4147538594832452,1.307785462810723,1.3549661814026313,1.4432448995442473,1.063982891121626,1.0575236021490968,1.351548252600466,1.0575236021490968
2048,5,1,1887,0.014015712205415528,0.0004727827401683058,2.0634550460483494,1.2274273337623502,1.2583633540387056,1.4422569811112826,1.0856854976659465,1.0718428815935401,1.2583633540387056,1.0718428815935401
2048,5,2,1887,0.006414694629708668,0.013785937865570464,0.9488102091134333,0.9964082041783863,1.0002006000479984,1.0169351497200851,1.232530621961078,1.0001662313231021,1.0002006000479984,1.0001662313231021
2048,5,3,1887,0.03616979695639028,0.010364192270283849,28.011139288747987,1.0213652613580009,1.0173554394008273,1.0678646594332324,5.112595400671888,1.1108746510034708,1.017299885766366,1.1108746510034708
2048,5,4,1887,0.06713229944893878,0.00035110123605103303,25.38035220100781,1.0007689848851749,1.0002010046620589,1.0026858518218962,1.0011019021805612,0.9997401477201427,1.0001913739457677,0.9997401477201427
2048,5,5,1887,0.025673650390386438,1.5446025315809037e-05,3.577732261067232,2.0873965017736755,1.8306009654075008,3.7696341173716736,1.2228280132616691,1.2216374591006611,1.8306009654075008,1.2216374591006611
2048,5,6,1887,0.015206601195444482,0.0005418308310738694,6.207773123676852,1.0029542885630895,0.9968542510936584,1.0248571924710934,0.9871295103577336,0.9970653517218221,0.9968542510936584,0.9970653517218221
2048,5,7,1887,0.01059863537107672,4.418660216841941e-05,1.6251685963030913,1.716826224790146,1.6377802724944428,2.1669697177282803,1.049961869470982,1.0510279392450899,1.6377802724944428,1.0510279392450899
2048,5,8,1887,0.0008709311874741707,0.00019767753220337317,1.2343355056079126,1.1980828072672947,1.19428722139741,1.2122781209135152,1.219188888017386,1.216214044358727,1.19428722139741,1.216214044358727
2048,5,9,1887,0.00036828794404087376,0.00010396266839324283,32.190536179753536,32.12604114105065,32.186983605933,18.53233160557827,14.443087289982973,14.446230423573034,32.186983605933,14.446230423573034
2048,5,10,1887,0.0002180825852407166,4.484500097123842e-05,22.893041211886498,22.95575864356206,22.884577774086857,23.301756085272427,23.086243927650038,23.083811093212546,22.884578416276334,23.083811093212546
2048,5,11,1887,4.5910753749012884e-05,3.095810843128994e-05,256.64795546735485,257.994945526561,256.61298919641393,270.55537028930456,249.68970228731297,249.67681360313688,256.60872369348203,249.67681360313688
2048,5,12,1887,0.01924301428918407,0.009693179860788735,5.41991614027946,1.0011754241687532,1.0005850364170263,1.064255329716537,2.950754231668517,1.002409580978539,1.0005850364170263,1.002409580978539
2048,5,13,1887,0.036313058854591206,0.03884816527297902,6.696102219708057,0.9762459790515061,0.9761957018615317,0.9719760207282271,7.452202216416883,0.9704104404570005,0.9764474391047303,0.9704104404570005
2048,5,14,1887,0.058963787432768984,0.06909287214253808,7.501820451902959,0.9933014043820099,0.9939324881771721,0.9910282581248243,9.026266256718719,0.9922615861131753,0.9939324881771721,0.9922615861131753
2048,5,15,1887,0.027664430858667006,0.013048153879252953,12.89898300207484,1.0145658199153045,1.0449257136310948,1.3038812396443948,5.504292527097396,1.1578356846273794,1.0450319158747043,1.1578356846273794
2048,5,16,1887,0.023139291346268437,0.0061047031010347886,9.210314927154304,1.0257803761252333,1.0473813535442864,1.090391236081998,1.460395295008364,1.020531763578272,1.0475839424178863,1.020531763578272
2048,5,17,1887,0.05620215648823381,0.00016041731315147244,5.09736110604307,3.5227103760045257,3.168738874381516,3.5125028605130617,1.7252446777869406,1.7229589755498684,3.1687267849710343,1.7229589755498684
2048,5,18,1887,0.006688858449565932,0.001086071054254224,5.660399475832957,1.5399054777845662,1.484980209083678,2.3227061673537173,1.3668147652270835,1.4156249780492622,1.484980209083678,1.4156249780492622
2048,5,19,1887,0.25708958668468,0.002875675172463978,24.844687765391015,1.419152037351784,1.3976060928843788,1.3626764039957115,1.2568415264202288,1.1992914020326304,1.3976060928843788,1.1992914020326304
2048,5,20,1887,0.03586933719383146,0.05874200147741974,9.451306925540571,1.0023965080512893,1.0022702833439174,1.0193532473527331,11.316582387336656,1.028935810999026,1.0022674920424879,1.028935810999026
2048,5,21,1887,0.00042266133278599387,0.0003454785718989566,1.7958966582044236,1.9671188380548745,1.7827804735962818,1.6133937409234804,1.3239276091954837,1.3224708868427983,1.7800254582510942,1.3224708868427983
2048,5,22,1887,0.038147097070452246,0.001438969135606809,4.817986336680076,0.9692621268719871,0.9748642126488186,0.9721784239440646,0.897824733032677,0.9747576587269609,0.9748642126488186,0.9747576587269609
2048,5,23,1887,0.019897409549682107,0.0052510872829656585,11.902414361497256,1.5555208566684644,1.4373614049592374,2.2369407165636104,2.9975613429681145,1.8176798789617545,1.437348591217748,1.8176798789617545
2048,5,24,1887,0.004662374717797029,0.0018546189180042175,1.234284504029569,0.9400300858749125,0.9349026124349383,1.2494829232936042,1.6263586458521064,1.1331569467104496,0.9349026124349383,1.1331569467104496
2048,5,25,1887,0.006600538632112429,0.08615969753558679,1.7372436394402708,1.0055629447901826,1.006195665907582,1.0110062732881464,41.830202936082955,1.0023603287745921,1.0061971717826779,1.0023603287745921
2048,5,26,1887,0.028267933340730824,0.12577977898908144,3.431252798346095,1.0816800608299728,1.0777882630829436,1.006179067217424,18.370459282471742,1.0607103831511056,1.0777566884540255,1.0607103831511056
2048,5,27,1887,0.008621187566085767,0.002086318878717922,3.1757540630718895,2.305042938381737,2.240942679422723,2.1009020417219424,1.087306003782428,1.0005079831186756,2.2416648873812766,1.0005079831186756
2048,5,28,1887,0.08592140228454054,0.009809911946702096,31.687236252405704,2.187531831178643,1.9262384645110098,2.3789018368438355,1.9528031590037862,1.3773279625474095,1.925621338137251,1.3773279625474095
2048,5,29,1887,0.008845488963745665,0.018096054757414742,2.6279863840867344,1.030975321043191,1.0343176419717355,1.2177586665544249,3.8220267316777723,1.1763632292494344,1.034307078928158,1.1763632292494344
2048,5,30,1887,0.018094915286731073,0.004066666357777422,7.74182722652575,1.4427247802535095,1.3944367707802792,2.2542131658339923,1.7012908547369638,1.2880417541366094,1.3944367707802792,1.2880417541366094
2048,5,31,1887,0.04191948233346817,0.008573721811207587,18.721463148317437,1.0635063572191923,1.0532698316816438,1.1740048326686863,2.811950471642445,1.0561493275479918,1.0532698316816438,1.0561493275479918
2048,6,0,1887,0.054285944025309577,0.056021491620584084,7.730784267408822,0.9928354090649542,0.991260689997309,0.9962027945097207,5.841337492417177,1.0034842202402572,0.9912639124662515,1.0034842202402572
2048,6,1,1887,0.00396241606583845,0.002458299538549774,1.2305526048139463,0.9816964718794664,0.9815884394224152,0.9742872730107348,0.6879806811123714,0.97500797434305,0.9815883829822021,0.97500797434305
2048,6,2,1887,0.2241325723041296,0.01988187264513374,29.347403115708985,1.0168351790971293,1.0174328223969498,1.0526352179486704,2.658290788212437,1.079937341890957,1.0174337752517044,1.079937341890957
2048,6,3,1887,0.026401778720846113,0.027729404855994053,3.078044458616525,0.9977682094097853,0.9980488016781417,0.9966904601565517,2.434668761379801,0.9869964713178944,0.9980376265086286,0.9869964713178944
2048,6,4,1887,0.011488317343491974,0.0010648071428256698,3.6073335627810295,1.5653519224140227,1.5137501564737816,1.509708849937177,1.1456953422644738,1.1227331720734737,1.5113118786364892,1.1227331720734737
2048,6,5,1887,0.1822423467301797,0.005341881702857445,46.94932799309358,1.5935011301776332,1.4987350022608887,1.8242559754050187,1.7869208794764617,1.1700764657854008,1.4987350022608887,1.1700764657854008
2048,6,6,1887,0.10912235627744464,0.0025875270671436718,40.381038778788756,1.0877603856082765,1.0788640541900345,1.2123824269370187,1.6804607907687876,1.2371310465105134,1.0788640541900345,1.2371310465105134
2048,6,7,1887,0.03115713073979499,0.0048742132947473555,6.775661649342685,1.0056649832447135,1.0056661319190952,1.0118083134511144,1.410242462868385,1.0018299431952233,1.005707665398057,1.0018299431952233
2048,6,8,1887,0.021377574060173033,6.465707458387332e-07,3.026347047665612,6.522054020828078,1.3578720008842118,2.289905397982275,1.0219064356942948,1.0221879647570116,1.3578720008842118,1.0221879647570116
2048,6,9,1887,0.5525049829431938,4.767200171743867e-06,151.77460708394133,14.338434466044843,14.318788407886236,15.10211909618526,1.011710680255717,1.0117466452591586,14.318787721259127,1.0117466452591586
2048,6,10,1887,0.004096547422826863,2.996934296944249e-05,9.944422304280495,11.220051021613827,10.001543809622456,8.88829753286459,1.474301245537559,1.4907250561587055,10.001267315365263,1.4907250561587055
2048,6,11,1887,0.0768735787015305,2.3231734304788817e-07,32.16395070439276,31.85162455439041,31.026611134782947,33.42086141620404,1.0303343385743227,1.0303414267874538,31.026941273777478,1.0303414267874538
2048,6,12,1887,0.01024762557188845,0.00031887057630686347,3.778666933659598,1.351121022234707,1.3074148835601447,1.5837250202232416,1.5007690405965395,1.5221250142253666,1.3051678665666124,1.5221250142253666
2048,6,13,1887,0.1501434101923397,0.01336834839259327,61.60119665472259,1.5218079543404373,1.5325215991612005,1.4621663732279733,2.4413536546706602,1.2222862643264323,1.5310537770452857,1.2222862643264323
2048,6,14,1887,0.005218888603728149,0.00029578430719352555,2.6515856976666896,1.3233044328757253,1.3229992541906137,1.5228556559408992,1.2200160064368637,1.2209666200611557,1.3231688573727958,1.2209666200611557
2048,6,15,1887,0.059023635357826794,0.0039032405183680634,6.733435247643851,1.0003868202875963,1.000361036542751,1.0002933799359817,0.9890996122142999,0.9984476007729919,1.000360232924836,0.9984476007729919
2048,6,16,1887,0.05013203586418693,0.002041384388766542,9.93192900449527,2.055679529539497,1.9592835277222682,2.163052286227515,1.267767548242666,1.171267830254297,1.959032861321956,1.171267830254297
2048,6,17,1887,0.006078126287701272,0.004691899696350803,1.4435420198853919,1.0466761304966121,1.0474104173354546,1.0867251729325484,1.2654140082176175,1.0557714658574586,1.0472646298355794,1.0557714658574586
2048,6,18,1887,0.0031083949132064605,0.0006382837320903065,1.3915241295946263,1.0140589974575167,0.9912667556487798,1.2468940231719334,1.167478948216328,1.104368285560193,0.9912667556487798,1.104368285560193
2048,6,19,1887,0.025906153999052287,9.312594290199391e-05,10.568358339132438,1.6567345970611318,1.5893327848996657,3.087767803765052,1.386301610823686,1.3736720059353544,1.5893327848996657,1.3736720059353544
2048,6,20,1887,0.003316512728243179,0.013781927957717452,1.8459299887865694,1.032770049831681,1.0574719720217023,1.109915667713857,6.838648808743555,1.0264716853366511,1.0541679948985887,1.0264716853366511
2048,6,21,1887,0.013632685918807041,0.029854134506622037,5.4590904150326,1.071275479924893,1.070339974774359,1.1607106359633748,13.147239283675594,1.1356885217546322,1.070339974774359,1.1356885217546322
2048,6,22,1887,0.042527323666899826,0.07899249516647912,8.737677944863787,0.9719902225805771,0.9694886074698726,0.9656181579143349,18.670925905168538,0.9609278922642895,0.9695068641556323,0.9609278922642895
2048,6,23,1887,0.2045996842864586,0.03231959083239623,34.65837113971228,1.140039000254029,1.099379244775114,1.440742490527267,5.521348895094085,1.203110025226388,1.0994559902589605,1.203110025226388
2048,6,24,1887,0.025454594492110617,0.0004076173605421421,6.540736886265298,1.3393420030803818,1.317907132505834,1.7564735196058159,1.190542878922936,1.164318501777604,1.3178058166271671,1.164318501777604
2048,6,25,1887,0.01486826796069644,0.00019754894216397937,4.561490646755223,1.0976096603624719,1.0946085698468258,1.3569999474046304,1.076811993072483,1.0600392267649983,1.0946085698468258,1.0600392267649983
2048,6,26,1887,0.014660258517847859,0.0001429990229587912,5.1726162015879416,1.0711862386025852,1.084325257764709,1.3458416629559466,1.19351455446365,1.1885916560488485,1.084325257764709,1.1885916560488485
2048,6,27,1887,0.0204452173899455,0.00018527240609401077,5.482030635701505,1.3725374534322945,1.3341093544538918,1.6255925990996496,1.3231991652296557,1.3201976154041752,1.3339190800473626,1.3201976154041752
2048,6,28,1887,0.05498672430263004,0.00045200345457297814,6.9154192938789425,0.9764190589560918,0.9772783252166395,0.9568122965216552,0.96118490923711,0.9700511147509515,0.9772748215208148,0.9700511147509515
2048,6,29,1887,0.21099935781232484,0.00046555090764007433,41.12646635994118,1.2176870542306415,1.2199874855458477,1.8729690627057782,1.0915019513697832,1.0626799884560891,1.2197356214457853,1.0626799884560891
2048,6,30,1887,0.04325290869939246,0.00015988794050532824,6.872538386412702,1.69672983734247,1.406641082931529,1.7159692722362065,1.1335046222627803,1.126303055171334,1.406596635197307,1.126303055171334
2048,6,31,1887,0.009042660452643765,1.9049102275196528e-05,4.196832038133711,4.544245660869347,4.119776343175159,4.70331607574277,1.4849428328483607,1.49412926891757,4.11887122672999,1.49412926891757
2048,7,0,1887,0.01123576834025498,0.006472268275997562,4.533051242632023,0.9806647571221655,0.9827261179841802,0.9740040851440793,2.143952137719823,0.9865687824736776,0.9827261179841802,0.9865687824736776
2048,7,1,1887,0.03335631228236409,0.0026936412368543505,10.121258539621303,1.0510605878579722,1.0533556188010278,1.0554425090487847,1.2788088846255,1.08062549856592,1.0534292160888155,1.08062549856592
2048,7,2,1887,0.006485982387599771,0.002053493940581689,3.4711470621921485,3.0175411164925308,2.832059963982031,2.3852617317374887,1.1373726562159878,1.1096188393384616,2.8285551284633446,1.1096188393384616
2048,7,3,1887,0.005114323224387495,0.0017895817717074902,1.9066411803151262,1.3693675888114056,1.3254083696422256,1.5143941027599714,1.1288976691107984,1.12382367918463,1.3254083696422256,1.12382367918463
2048,7,4,1887,0.08885196351752918,0.0027338422734050566,25.679991306460995,1.002314967298332,1.0029599482323315,0.9963500704888333,1.162805636733958,1.002868025196468,1.0029599482323315,1.002868025196468
2048,7,5,1887,0.0041928558922690535,0.0008335128234602769,8.16973794377269,7.806722838881796,7.79937729983932,9.008362696096752,2.0475363018384165,2.020223210098803,7.79937729983932,2.020223210098803
2048,7,6,1887,0.03654635744213395,0.0010746131925927587,7.917143241780296,2.374011018618939,2.3726179034437944,2.6280361244266794,1.8859425764361228,1.9127239672938428,2.3770140192476377,1.9127239672938428
2048,7,7,1887,0.2048455165406098,0.012302873930693308,115.39285822758143,1.130487510866823,1.1657967852162796,1.356398145278836,3.390522934586621,1.1943727897672203,1.1613547713773686,1.1943727897672203
2048,7,8,1887,0.03979056242730785,0.00053809830435723,23.923318147768054,1.1716971742523274,1.1759492595419578,1.1900978792465542,1.1640002334896866,1.1295526426460543,1.1759492595419578,1.1295526426460543
2048,7,9,1887,0.006139791510565643,9.863633353320099e-05,2.315142093454958,1.8327425098172803,1.7713793426514166,1.7217875928333117,1.1516679555987819,1.1524045886507506,1.7780987050126458,1.1524045886507506
2048,7,10,1887,0.0014120714769225804,0.00022495747246842202,1.344980446411288,1.2459758380413628,1.1944045600426962,1.3003340373524703,1.1784420776525657,1.1758041453299848,1.2002847692835994,1.1758041453299848
2048,7,11,1887,0.010100727631201345,0.002203996738445111,4.799457930749187,1.1229716190785657,1.121127492850087,1.140773317208252,1.1057945403812914,1.0211385889034825,1.121127492850087,1.0211385889034825
2048,7,12,1887,0.034769969659399304,2.054861479457793e-05,5.049934585854375,2.8305252599372737,2.625073995154068,2.7640225931657825,1.89935839502687,1.902699321877647,2.6237586639761576,1.902699321877647
2048,7,13,1887,0.008447867956465951,0.0008384768231737324,2.7423750600787526,1.0330392727234772,1.0187109171922233,1.703792817412727,1.1388925275684079,1.1023143448366155,1.0203073531953974,1.1023143448366155
2048,7,14,1887,0.026287787808260375,0.0011433456053884297,10.878740954732947,1.1993908174459396,1.109805633230073,2.0093738350599253,1.2596732977500757,1.2093108391327425,1.109805633230073,1.2093108391327425
2048,7,15,1887,0.028328599994568486,0.0014439791719589887,9.57191295830886,1.6880278302000518,1.5978042896622378,1.8447314035485805,1.375909947231727,1.3331534207234879,1.597717121306884,1.3331534207234879
2048,7,16,1887,0.005119165488383627,0.003310856694868833,2.29573362030135,1.036652964890438,1.0352312687149974,1.0911508397571723,1.97869065558975,1.1882389913375138,1.0352312687149974,1.1882389913375138
2048,7,17,1887,0.005867201166371641,0.006790612751489464,2.636099644357828,1.003716998073211,1.0040413327931144,1.0195186509962608,2.8843317013270795,1.0145477045561613,1.0041502305772105,1.0145477045561613
2048,7,18,1887,0.003338564502161302,0.0021347421610507563,1.7127623187165524,1.2598123567485007,1.2103107870418606,1.6069377138390906,1.3683828171461332,1.1338441910842576,1.2103107870418606,1.1338441910842576
2048,7,19,1887,0.015024220792359919,0.00961324179489113,2.936898542193221,1.298209699489721,1.3108934461763369,1.4943183288887707,1.685020734034373,1.2775406474630713,1.3108934461763369,1.2775406474630713
2048,7,20,1887,0.11028917568758538,0.0027116246661527776,36.80878058004592,0.9298859885654738,0.9071554512799439,1.1268655294294518,1.2159246889674988,1.1249429853226394,0.9071554512799439,1.1249429853226394
2048,7,21,1887,0.015850020441196856,0.00026004269441237606,5.871694168150181,2.01879052578423,1.9886688766691578,1.7716865901155225,1.3953033772752264,1.3961328532013186,1.9946871999563485,1.3961328532013186
2048,7,22,1887,0.06512106307721373,0.0004879266846767514,8.223702327144757,1.83088854864356,1.7133059654894622,1.5663646621146163,1.2808012009666367,1.281083415614936,1.7135005598402127,1.281083415614936
2048,7,23,1887,0.08674804643737001,0.0004590441772586339,26.727289044588485,1.087284112024325,1.0664502646702785,1.2726725637207508,1.0431800953260189,1.0510131430440992,1.0664502646702785,1.0510131430440992
2048,7,24,1887,0.007733569582704535,0.0006049014825813946,2.0170308068881684,1.4638195099277123,1.3799344557683382,1.6494708261874684,1.2286202779582285,1.2061312387139487,1.3799344557683382,1.2061312387139487
2048,7,25,1887,0.03845844021099721,0.0017299338238353796,8.435595811151902,1.5537068344158527,1.543647724448428,1.4408933552578043,1.4692063284156982,1.4456672893958296,1.5437242869700567,1.4456672893958296
2048,7,26,1887,0.024347429573836423,0.00034390661755387403,6.3512468738304255,3.723500143117434,3.0798069715477125,3.153015848097092,2.0117432712711976,2.011751549553466,3.0798069715477125,2.011751549553466
2048,7,27,1887,0.002649471073431694,0.0007335283424283099,1.2560674745470881,1.1062651926608025,1.1057907309616122,1.3584922236426638,1.4139613701579332,1.3784076646238201,1.1057907309616122,1.3784076646238201
2048,7,28,1887,0.007697687066122545,1.826687454100819e-05,3.5779832673617924,2.4524017427090716,2.5364639634443384,2.5211852767695375,1.5898787626669373,1.5915745589031718,2.5366139819550186,1.5915745589031718
2048,7,29,1887,0.003653852119649523,0.0006576538528139283,2.033209912546947,1.913052656746602,1.9108966692867624,1.6074100842345704,1.4367708866290827,1.4455367319328116,1.9108966692867624,1.4455367319328116
2048,7,30,1887,0.0019072418444973406,0.0003962738998888197,2.7886568195427506,2.8276413471875412,2.7505767620813115,2.980233412785696,2.432206891888274,2.445714567100216,2.7507250243688297,2.445714567100216
2048,7,31,1887,0.007657850850553791,0.0016806709928902503,1.4872369079767545,0.9994672359370111,0.9996325621414563,0.9996521254393815,0.967753109660156,1.0033324115336106,0.9996456819743423,1.0033324115336106
2048,8,0,1887,0.0649265482822342,0.0016569755845566797,25.68808064707678,1.3933338795110146,1.3772699364971885,1.9861906955555115,1.7661479729206775,1.7073792101742737,1.3772495254036858,1.7073792101742737
2048,8,1,1887,0.03011345447136853,0.0003382789291169865,13.862480663385277,1.2565108034359167,1.2623777241909295,1.6929458826790718,1.5293309390325982,1.5136098484792904,1.2622462458650707,1.5136098484792904
2048,8,2,1887,0.015227414559643514,0.0009096403384347124,5.243082128436021,1.005285891052752,1.007547803263455,1.0699647161388022,1.0987334336910488,1.052293615238293,1.007547803263455,1.052293615238293
2048,8,3,1887,0.012498495292157791,0.0002866087689299109,4.022482220401638,1.1295779777227768,1.1434698173640239,1.42605864400603,1.2638798153745514,1.2530327625178248,1.14302473976357,1.2530327625178248
2048,8,4,1887,0.026998275212576445,0.000724618316710523,8.46480432442526,1.0973635427615138,1.1100570673549108,1.3827569149179215,1.1225327162088143,1.073906766826752,1.1100570673549108,1.073906766826752
2048,8,5,1887,0.060994074583946886,0.005820421168714846,15.322306946593134,0.9975383125203368,0.995472169973696,1.1003621966111865,1.350104040537707,1.0696508253277786,0.995472169973696,1.0696508253277786
2048,8,6,1887,0.052968360332092755,0.0027264337729362097,19.687218348684542,1.0138279463410769,1.0049769958102608,1.0021543129244048,1.2011967847391918,1.0327598174182546,1.0049835619964467,1.0327598174182546
2048,8,7,1887,0.056192214940524475,0.0012929453964900623,20.920302484117588,0.9633674101216049,0.9731311891928129,1.0487127171468447,1.029122480721919,0.9740720380100943,0.9731311891928129,0.9740720380100943
2048,8,8,1887,0.05704699188292188,0.03716717409309103,8.053729365044674,0.9946843159401382,0.9920544194471693,1.0091446232710657,6.789515761074479,1.0194457490415079,0.9921361986488759,1.0194457490415079
2048,8,9,1887,0.03451565672345702,0.03498610708055513,24.903796791473926,1.0081188372204468,1.0177648353700244,1.1053152117725777,30.50281874821915,1.0867049776881057,1.0178814907216431,1.0867049776881057
2048,8,10,1887,0.015423760548126088,0.04434287858207365,8.495448486119583,1.057575982246478,1.0360513212844569,1.1993098861341391,23.674493856364915,1.0443072678492058,1.035814856633246,1.0443072678492058
2048,8,11,1887,0.008466970517379446,0.01403681749613183,2.1211672678082394,1.0028338836527506,1.002547849430632,1.0037992268152336,3.308104975172216,1.0021348623491642,1.002547849430632,1.0021348623491642
2048,8,12,1887,0.12461551096482654,0.0028641440963809175,16.248524803480635,1.3782796010345275,1.3929374499153084,2.2514501284557618,1.4670042672382222,1.4069332880684222,1.3929374499153084,1.4069332880684222
2048,8,13,1887,0.03995764419140729,2.081520181206295e-05,7.94118353627971,2.0721635165110546,2.045938625905833,4.652431271554772,1.6726477729234956,1.6733398686643102,2.045938625905833,1.6733398686643102
2048,8,14,1887,0.31329306186320466,0.0057143394442981665,27.220252376771118,1.4103652518742147,1.4297911046115301,1.6814726866388305,1.4057715770476242,1.2309763576718722,1.4297911046115301,1.2309763576718722
2048,8,15,1887,0.043136067405160815,0.0004782704721790261,8.88199690455018,1.066604877771379,1.0381527256552487,1.5292658284805867,1.2604708012755068,1.2558520408601825,1.0381817326180418,1.2558520408601825
2048,8,16,1887,0.6418386306351479,0.005381413216650621,160.4303812258169,1.2127896307402493,1.1913203421235075,1.3671325195638906,2.055057406090402,1.2760543621646503,1.1913203421235075,1.2760543621646503
2048,8,17,1887,0.05922380505346201,8.840294771041745e-05,36.599752746901856,0.9937932242064379,1.00713127114182,1.5093594361815794,1.2123462631764763,1.1984191694724107,1.00713127114182,1.1984191694724107
2048,8,18,1887,0.0057331778153877294,4.917033750672576e-05,2.60156015767294,1.0275694510259887,1.0430932174212313,1.886800181722867,1.78961326293034,1.7882384391172979,1.0430448070286016,1.7882384391172979
2048,8,19,1887,0.023462025349782464,6.880684531564158e-07,22.047633645868917,29.344111879060797,22.650631050659424,27.336942640643176,18.807535969258222,18.80751137587899,22.65077737462079,18.80751137587899
2048,8,20,1887,0.14790005148221194,0.00019936131229449544,51.05547139644698,4.53215564059584,4.463538743630072,10.323531789775037,6.030378767188819,6.03750373269626,4.4640104998445915,6.03750373269626
2048,8,21,1887,0.02647438390561768,0.00043713811128839804,8.394259161087653,3.5992068945877436,3.552556519849029,4.279951548404501,3.5990971118451816,3.604483630092603,3.552556519849029,3.604483630092603
2048,8,22,1887,0.2306155797072821,0.003845855089731417,30.388589914219935,0.9865543396885952,0.9850865312463003,0.980108074645146,0.9487021923478779,0.9772471612393133,0.9850865312463003,0.9772471612393133
2048,8,23,1887,0.008626047201636426,0.0005514968146972173,1.9086283092521619,1.0243583519387638,1.0235923075967301,1.0398350772227802,1.0617453902354455,1.0451338681677333,1.0235923075967301,1.0451338681677333
2048,8,24,1887,0.023408867689047187,3.3551036004371174e-05,6.197933804704562,2.043555621181391,2.0251839907066387,1.9433625912273609,1.800791813970644,1.798946449077592,2.016642132369081,1.798946449077592
2048,8,25,1887,0.011265343788956985,0.00044987367810484343,2.56427378306534,1.6523745030442372,1.6966834245443334,1.3711232516227723,1.3019795188228038,1.2825306832332612,1.6895668417402394,1.2825306832332612
2048,8,26,1887,0.09911337608513299,0.35103829553192445,6.965460522456747,0.9727234061995479,0.9757646642621911,0.9613003989620096,37.77538945509566,0.8079043895307176,0.9757646642621911,0.8079043895307176
2048,8,27,1887,0.032145946150830766,0.0017280007491212654,5.376070931882503,1.2243019602515433,1.2685571764638865,1.317301799632704,1.326742310234679,1.166707258262751,1.2685571764638865,1.166707258262751
2048,8,28,1887,0.09731013881245049,0.0017738954854270364,28.38300806558342,1.3249220946927558,1.3274743096010395,1.3238320753531825,1.2523197483862365,1.2388101579532462,1.3274743096010395,1.2388101579532462
2048,8,29,1887,0.08046785461392036,0.002879637054651676,12.603247747652928,1.0359284364674222,1.0343508944451065,1.068136934032337,1.1621538299733989,1.0823276046429051,1.0342706432906008,1.0823276046429051
2048,8,30,1887,0.01786209393154239,0.00036734814479099607,6.062419401269441,2.1175274277850393,1.9945099623358329,2.279886761124276,1.6196475733424816,1.6158107293867998,1.994336656625943,1.6158107293867998
2048,8,31,1887,0.07901096729950774,0.00023536879230012163,32.261695774271516,3.061287620874854,2.73889681407007,3.4109844703691783,2.2556133056418943,2.2500828247303666,2.73889681407007,2.2500828247303666
2048,9,0,1887,0.04411268535319811,0.0005606566095719874,11.11733496158766,1.002490789951335,1.0076246564930242,1.2331118113645976,1.1387495463384834,1.143704802543856,1.0076246564930242,1.143704802543856
2048,9,1,1887,0.2692848390172289,0.01669920244410055,61.88276898450549,1.5951226475285876,1.6562027962365657,1.602149840819791,3.218441586103906,1.9944537218642329,1.6558791924400353,1.9944537218642329
2048,9,2,1887,0.010789360921474441,0.00028652913426891255,2.304907549939512,0.9474982447076579,0.9367138407724916,1.1044326913074054,1.0934093928058668,1.093312170132677,0.936716021346311,1.093312170132677
2048,9,3,1887,0.05160486435219689,0.001382253798399142,17.304861186973085,1.0219432736595377,1.021382397969292,1.2982673685588468,1.1708183934454601,1.0720681718729386,1.021382397969292,1.0720681718729386
2048,9,4,1887,0.14408318348401297,0.0037408230630749423,20.64540931598747,1.0552167982579246,1.0589579912739289,1.1092643365226202,1.1590308612863307,1.064980075713016,1.0593082429101093,1.064980075713016
2048,9,5,1887,0.30618498532176824,0.002006189701827937,26.751350813297748,1.0043625836877113,1.0047978245449853,1.0036397658120126,1.0313051859985727,1.0057335722608618,1.004798410436773,1.0057335722608618
2048,9,6,1887,0.10241064988272268,0.007666275942043667,16.13287212525065,1.0954286854180466,1.1111648452747553,1.1778271251163686,1.368501880087934,1.0790416164551204,1.110764653508729,1.0790416164551204
2048,9,7,1887,0.01826718725043542,0.0004821606012146768,5.425818510265699,1.021215656870624,1.0211601429988442,1.0334955449539518,1.0752943523897784,1.0241809929161234,1.0212585296022882,1.0241809929161234
2048,9,8,1887,0.007285409879966319,0.0005222927260100044,11.5206215822507,11.497987197100905,13.254960804023682,12.747505362672653,6.634770415924055,6.630114934332084,13.254789839804264,6.630114934332084
2048,9,9,1887,0.0041727122586589765,0.0010157869705401277,2.685546315026665,2.627552741326237,2.599177668625924,2.1226114118332498,1.708047757505883,1.7297323697600342,2.5952050106899063,1.7297323697600342
2048,9,10,1887,0.0004031502249764491,0.00021802150026734222,2.4194563103663103,2.4747498684410307,2.4183720748732074,2.0273450296344215,1.7456627981705837,1.7524342348321327,2.418338711250213,1.7524342348321327
2048,9,11,1887,0.016201969374258822,0.008008137399193357,4.9390802901580635,1.0168088425224804,1.0159041831123883,1.0290765249478822,2.7588234874739683,1.0620915299011118,1.0159041831123883,1.0620915299011118
2048,9,12,1887,0.8315536334475042,0.00353236805878821,928.2567059969308,1.7025433635002363,1.7021874060865672,1.8685965888612561,12.420727267328871,10.177411228118668,1.7021874060865672,10.177411228118668
2048,9,13,1887,0.005851860630435497,0.0014709963919846737,2.028100545446642,1.9219475338533856,1.8778794448832739,1.8098225383695872,1.6457782653979274,1.618420317336513,1.8778794448832739,1.618420317336513
2048,9,14,1887,0.05152942357769534,0.0029764384882569796,20.605685465924985,1.0314805542794883,1.03689364933788,1.078378919076795,1.6472708324217307,1.1441078336621002,1.0369885767311655,1.1441078336621002
2048,9,15,1887,0.023803671798656695,0.0006419794074164371,7.7708341482713,1.0784920954133668,1.065481655177492,1.2564240359264711,1.2142861170587336,1.170135972188867,1.065481655177492,1.170135972188867
2048,9,16,1887,0.047026248056140994,0.00016298451328099483,29.011581976734938,7.048686525363914,6.9914680241825655,5.518778794011829,4.697596255237848,4.71358064631193,6.9914680241825655,4.71358064631193
2048,9,17,1887,0.0009631372446869413,2.5601059932210864e-05,2.5681887176247318,2.5759161645253084,2.545024661128679,2.9962239996603173,3.2539335350522243,3.2546035270039297,2.5546613955195547,3.2546035270039297
2048,9,18,1887,0.009714001291008127,0.0006463729666931304,24.914369281656114,1.0079511343605208,0.9987450708184442,1.2612692855805892,1.720403667421576,1.1086397509921722,0.9987435152400502,1.1086397509921722
2048,9,19,1887,0.02095669864401736,0.013675499510669946,8.983620616412228,1.0236439819333587,1.0244253285920575,1.0574749643571761,4.665393728214245,1.0401718133138564,1.0252433406984809,1.0401718133138564
2048,9,20,1887,0.008665310888973205,0.0005954072995312041,0.8924854324490787,0.9646029884327695,0.9677805060716007,0.9369800507215478,0.8600371235813887,0.9374670403168001,0.9677805060716007,0.9374670403168001
2048,9,21,1887,0.0289862199319153,0.0001128690019318596,6.325299018855446,2.795209395604508,2.7170259421881364,5.191710864911893,1.6081019270907648,1.6131300290892623,2.717721760263226,1.6131300290892623
2048,9,22,1887,0.08227581919418037,0.003980997232176588,20.60601840561074,2.2420019865895062,2.2453915834405533,2.843706613512365,1.5147462203509934,1.5641272457872022,2.2448161467680317,1.5641272457872022
2048,9,23,1887,0.022717698901053015,0.0009212907589100835,11.665704914530217,1.11641023968843,1.0982089215091666,1.5337992049431974,1.1803621155268345,1.236179302055315,1.1017281555352294,1.236179302055315
2048,9,24,1887,0.002477854506185349,6.393488981984819e-05,1.7692164778938495,1.7875947439047342,1.7641261073311898,2.2501981477158,1.6763499719714616,1.687814410623689,1.7587920201429839,1.687814410623689
2048,9,25,1887,0.06237686437582059,0.006339034904549229,21.915774766104562,1.04518415289325,1.0480366454963224,1.154433877038612,1.293461894544509,1.0735990643599298,1.0480371044332388,1.0735990643599298
2048,9,26,1887,0.10704803422932986,0.011202923876810005,46.21976007910095,0.9722330938467114,0.976082630919674,0.9765015370246066,3.4786945450186657,0.9620745773881656,0.9761262457508004,0.9620745773881656
2048,9,27,1887,0.028398857521369014,0.0008538165343093039,10.21234334733003,1.4523330050906913,1.422630626521352,1.7782399219112588,1.4131405821243002,1.416664383499214,1.422630626521352,1.416664383499214
2048,9,28,1887,0.07622945207177599,0.1291065685369128,8.00986235214104,1.0088578372839034,1.0083093537486103,1.0162432985026202,8.731954500579485,1.0641201625251993,1.008321891590371,1.0641201625251993
2048,9,29,1887,0.015811600109652258,0.004762551828535724,18.095198322303855,1.2595107136224326,1.2380727914001106,1.8644140570957184,4.196225303601307,1.3979048725023648,1.2383405692006941,1.3979048725023648
2048,9,30,1887,0.0004869113046529616,0.0005619444591185913,0.8490538806852104,0.9812275334444963,0.9807762389001303,0.9706113610823528,0.8294510112084349,0.9777000380246327,0.9807762389001303,0.9777000380246327
2048,9,31,1887,0.012316045114971952,0.0025940593238193825,4.247057220828012,1.0506100670793002,1.0519057173750175,1.08482430268493,1.4608859240515875,1.1476486568069413,1.0519056839804348,1.1476486568069413
2048,10,0,1887,0.16936982217887986,0.012859850108816313,53.364374831242216,2.0353802926377798,1.92204022268332,2.218906746882145,2.772874243242357,2.0710073861392946,1.92204022268332,2.0710073861392946
2048,10,1,1887,0.007287850223153858,0.00032380567688507775,10.49655056066459,6.8137765659748055,6.808350854235957,6.626476717370118,8.830273864316581,8.889671353537045,6.808350854235957,8.889671353537045
2048,10,2,1887,0.0011610184942436013,7.114942555257436e-05,12.81587291653899,2.7850451903713793,2.7210307079632883,2.8379804839652376,2.7302430484214777,2.7506350441522187,2.7198898400216986,2.7506350441522187
2048,10,3,1887,0.07598019421554843,0.0009358057421680843,43.91138231186128,1.089061623975627,1.0965357499658417,1.2509146554790238,1.2118327995883313,1.2209225837501543,1.0968357320923101,1.2209225837501543
2048,10,4,1887,0.13852374325285424,0.009473885464664688,18.119162782307477,1.0629371445710676,1.0601666656755477,1.1216322488312487,1.9864485706863753,1.1445486049127234,1.0591070738934607,1.1445486049127234
2048,10,5,1887,0.028103895025617838,0.08857807263527841,6.618035537158998,0.8833750347550317,0.8460430128700163,0.7369611492011037,21.40633369921036,0.7491186418828178,0.8460430128700163,0.7491186418828178
2048,10,6,1887,0.0006017877672645597,0.0005237620398972746,2.283907421702071,2.3409606565156293,2.2879890104528706,2.0546664174508558,2.101557309508751,2.107363024420204,2.2879890104528706,2.107363024420204
2048,10,7,1887,0.0289447736581506,0.019157339487612394,5.404112653483344,1.0058199242873147,1.0063762747623068,1.0173775760352253,4.442532174299501,1.021519860520473,1.0063762747623068,1.021519860520473
2048,10,8,1887,0.10535453954919492,0.0012056327916761592,57.79199646355513,1.042459752357656,1.04352186788882,1.0738063917592422,1.224186381873946,1.0795732545312344,1.04352186788882,1.0795732545312344
2048,10,9,1887,0.015889227993589074,0.00012702007938228174,3.6907741683985464,1.5915032983992778,1.5549266873676795,2.2833368924065773,1.8966725181025181,1.901619770976643,1.5549095492629426,1.901619770976643
2048,10,10,1887,0.014464876720568736,0.0008079354456876851,4.114222078384798,2.3246146406523147,2.3181393135124364,2.517439982908279,2.422233853293827,2.421376814745813,2.3181396161827053,2.421376814745813
2048,10,11,1887,0.06532209140906683,0.0037644328887299796,27.317893349176806,1.453763488273631,1.454263111993791,2.0220237712740414,1.647636109755698,1.6746080148630151,1.454263111993791,1.6746080148630151
2048,10,12,1887,0.05188477642439757,0.007243026538128356,5.144303060914898,1.6716457037729804,1.6636242021674785,1.3820496423769126,1.3879189844279531,1.4356081500532583,1.6636242021674785,1.4356081500532583
2048,10,13,1887,0.005334759482333964,0.0005016387631185124,3.35109790029223,3.3594277455008523,3.2151352493268446,2.9623678250872407,2.3543385188905597,2.367760901980181,3.2151352493268446,2.367760901980181
2048,10,14,1887,0.001011520872631834,0.0003435688447639501,2.529310087170091,2.571732424513779,2.553655653244284,2.1510777174514693,1.846008596738168,1.8511002429270809,2.5524170721968087,1.8511002429270809
2048,10,15,1887,0.016947507141593682,0.0016328688749125638,2.4975135714857872,1.2585399625216813,1.2413023707087052,1.4035296430271382,1.3244572632357157,1.3343131017890641,1.2423753694285768,1.3343131017890641
2048,10,16,1887,0.08271345392681637,0.007375170369367155,12.174538626041494,0.9998512493513262,0.9996801679480999,0.9993664750460164,2.051191865135763,1.0033852130987229,0.9996801679480999,1.0033852130987229
2048,10,17,1887,0.30013044392221633,0.024543095436839676,94.33121816736403,1.6109062506913512,1.6384961412536883,1.6072673859025128,7.7014266728759395,2.28803853483997,1.6394792836853673,2.28803853483997
2048,10,18,1887,0.015857600691936403,0.0005137983054395956,3.9132470930021013,2.253771047196483,2.265513666355585,1.4702942710711007,1.655943875544233,1.6567877737331729,2.2629142085842915,1.6567877737331729
2048,10,19,1887,0.018510604698000203,0.005155713402351001,3.1712732492210076,1.0571500411470485,1.0652610192865422,1.185085274564206,1.7171333190069842,1.143873404700402,1.0652610192865422,1.143873404700402
2048,10,20,1887,0.012701275974082035,0.00038070146130640085,4.471874793389553,1.7023153295234141,1.7049361670042604,2.38282202310194,1.9945742585808488,2.052174202409953,1.7049361670042604,2.052174202409953
2048,10,21,1887,0.003522749528654723,0.0004962169618118993,4.859462828489764,1.6693757901088262,1.6954396554334712,2.133683718240287,2.6399195987591373,2.700076942442833,1.6958457522341626,2.700076942442833
2048,10,22,1887,0.0259664604833158,0.0035557820272782924,8.431160715978645,2.1434102953092564,2.189940260956493,2.440189206419385,2.2656873527088037,2.4838325441147076,2.1890891778783876,2.4838325441147076
2048,10,23,1887,0.014118358657169613,0.00138571565239882,4.810557493550658,3.2630664589255978,3.276388939554332,3.3113970647942015,3.1094066269088354,3.2201201149094874,3.2763574967721856,3.2201201149094874
2048,10,24,1887,0.0009918127494528692,0.00029417108739795153,4.951992029118633,5.179269556919387,5.122257780640863,4.296410969932425,5.700814325560923,5.730280600303887,5.122289554071841,5.730280600303887
2048,10,25,1887,0.002986074672722864,0.002108792152809516,5.23957758683715,3.2979913457485797,2.829876659243307,4.6332341837408455,3.1484342185625325,2.7244435600300023,2.829876659243307,2.7244435600300023
2048,10,26,1887,0.0044127584722400475,0.0005648459659452759,10.941556903102377,7.017031463247855,10.68367686542097,5.093296758463759,3.2926415100322775,3.3274836033823667,10.68367686542097,3.3274836033823667
2048,10,27,1887,0.02150482095015102,0.0018441419008258756,24.375887031866373,1.9218204973795925,1.8920628652834393,1.6647946514381704,1.874023566026168,1.6142065334869906,1.8920628652834393,1.6142065334869906
2048,10,28,1887,0.011318233990884535,0.0006158749603695521,2.2650478389491413,1.003399483514579,1.0036844569957155,1.0094098314806101,1.0949347331376185,1.0412449134541903,1.0036844569957155,1.0412449134541903
2048,10,29,1887,0.002789633493565173,0.0037403502661465275,1.708162188413853,1.0087618238256277,1.012335884898231,1.0145022071376866,1.3010506253644745,1.03115166162544,1.012335884898231,1.03115166162544
2048,10,30,1887,0.0059520762576606556,0.0003456473031288211,8.733876736581031,6.3848316366937095,6.227168649213209,6.143246714927427,3.9694754721047536,3.9672595174308993,6.227168649213209,3.9672595174308993
2048,10,31,1887,0.016278513666138777,0.000744778396165696,6.493415277749325,1.4677254639151671,1.4650931564187142,1.7857375688767576,1.703660825734003,1.7247543587774703,1.4650931564187142,1.7247543587774703
2048,11,0,1887,0.0014996555574772834,0.010797365056362375,1.9606981591899209,1.7751532782894168,1.8953284952425364,1.5555698408034642,3.4827820273737644,3.2378920531717066,1.8953284952425364,3.2378920531717066
2048,11,1,1887,0.0014992950839390034,0.0009002928173038942,1.7978540708841166,1.8269577361283846,1.7819808245101232,2.0577130223589952,2.7118543186035193,2.7653141647233617,1.7818489011587209,2.7653141647233617
2048,11,2,1887,0.0056638042368529285,0.03849889812958012,2.303593853529483,1.7387106720041132,1.7508708272896305,1.365975741908593,3.4802888475752116,1.3754635014707053,1.7508708272896305,1.3754635014707053
2048,11,3,1887,0.001975601982506177,0.00018042208999566423,4.705413050644597,3.607669104495183,3.678588689060934,2.311626270979193,3.446141336179953,3.4203425777913368,3.678588689060934,3.4203425777913368
2048,11,4,1887,0.016494639519611224,0.00043938273826263786,3.775505779498709,1.819767282062978,1.8240413537167295,3.3884531848716866,3.5040385712327082,3.508784070271864,1.824269204566873,3.508784070271864
2048,11,5,1887,0.0010894930327521694,7.286038556109126e-05,1.6657570467630465,1.6389092101590532,1.6276563778218889,1.8165981153575492,1.9112887316349596,1.9082441553790508,1.6275396878195008,1.9082441553790508
2048,11,6,1887,0.0006147224470180461,0.0005565863446040586,5.112828053869602,5.2826373111033265,5.195523882834391,4.507982927644663,4.806860643665818,4.820380122200004,5.195564419155217,4.820380122200004
2048,11,7,1887,0.0004881719257659777,0.00042578076685707286,2.5572794806350005,2.60533868587042,2.5983260120154363,3.7088217541988238,3.5254335023523176,3.523810348533322,2.595313241697409,3.523810348533322
2048,11,8,1887,0.15100788329596482,0.0019010900080849854,52.70453947075202,1.6551275166584187,1.7116816713288965,1.885484694229898,1.9063243253298205,1.6898921392729593,1.7116816713288965,1.6898921392729593
2048,11,9,1887,0.07895839868583708,0.01147769881341442,17.1174789922383,1.0898504820460895,1.0862339519670927,1.124305474019314,2.6041504041654053,1.06935215566198,1.0862214300450204,1.06935215566198
2048,11,10,1887,0.19335398332243442,0.00824605250986514,22.013232408243145,1.623777370449439,1.5623536995214653,1.5671074445215718,2.0540182854847497,1.781201764085056,1.5623536995214653,1.781201764085056
2048,11,11,1887,0.052463100105813086,0.29659559540274355,7.905167729104113,1.1102846561408342,1.1100728397106154,1.1466524408732877,46.72159807219492,3.533174396923378,1.1100728397106154,3.533174396923378
2048,11,12,1887,0.000294710185650289,6.621295066156883e-05,3.1717608868489053,3.2092688402268843,3.1904148049065593,2.7837925141130895,2.870692402081752,2.873021212977852,3.1904148049065593,2.873021212977852
2048,11,13,1887,0.0002843673445229226,1.1560514175694165e-05,2.658843468840892,2.718951811227381,2.694791124969881,2.525826374125501,2.321584763661716,2.3220792621301642,2.694791124969881,2.3220792621301642
2048,11,14,1887,0.000667444388731611,0.00034813124586980895,3.087728576576688,2.9520746478067794,2.9252123291302015,2.1854831732876345,2.5899111400706323,2.5328768870669287,2.9248400143782076,2.5328768870669287
2048,11,15,1887,0.003906386768730238,0.00037412435041158596,6.3176884376405935,1.188444288282117,1.182502201505853,1.3486060971246645,1.4640323233276713,1.4194339645603005,1.182440813874586,1.4194339645603005
2048,11,16,1887,0.0025897590514147653,0.0007582799834631903,0.5936700442885869,0.964969003583447,0.9673029357449561,0.9361970840042032,0.7551421040219467,0.9490757160101757,0.9673466655849466,0.9490757160101757
2048,11,17,1887,0.023355274463275993,0.0015342243978178037,17.154384271325828,1.215522565861591,1.2244929334368413,1.3851301590117455,1.2250894998298816,1.191746696679409,1.2218326353381854,1.191746696679409
2048,11,18,1887,0.015166963714906646,0.00042623552015340273,8.465841580191464,1.8626598722567416,1.7918947550707653,2.4399908572432456,2.3370403936844233,2.358280892041269,1.7927782689275018,2.358280892041269
2048,11,19,1887,0.029262548334472685,0.0016642543167954312,12.289081419874742,1.0715349973951285,1.0710502080394733,1.1811786580167485,1.0882895810984847,1.1135535942493504,1.0710502080394733,1.1135535942493504
2048,11,20,1887,0.001533019233389146,0.00010140410303719685,0.9107961152464195,0.932331814697785,0.929998792542285,0.8843680005316522,0.8867734124053347,0.8892220826863481,0.9299319941616444,0.8892220826863481
2048,11,21,1887,0.010694703874477048,0.000566800500011406,3.3019628002818004,1.3785203510323092,1.3727303145431893,2.054932966089867,2.940970416489197,2.9494182133329923,1.3727303145431893,2.9494182133329923
2048,11,22,1887,0.008294769634517135,0.00018963377057843941,0.841977709279342,0.8561462976606875,0.8602702594896061,0.7342213411885851,0.7311078888626376,0.7412870516425023,0.8600684042873278,0.7412870516425023
2048,11,23,1887,0.005955709627018303,5.8500212855422957e-05,0.9486309879777582,0.5606500098237981,0.5542621992607233,1.402770084878022,1.6575671728930572,1.6794930537719488,0.5543360828003874,1.6794930537719488
2048,11,24,1887,0.006279504066336626,0.0006792689203111445,3.5467151997754423,2.140876139016463,2.1461757283692684,2.5932831615445475,2.7817559378553645,2.794054774313023,2.1467615601922283,2.794054774313023
2048,11,25,1887,0.0018451217269505246,2.0404565136856186e-05,3.1464954746066534,1.873199138807869,1.8336822917884792,1.4918641444550853,1.6384412047576733,1.6402068135605576,1.8336822917884792,1.6402068135605576
2048,11,26,1887,0.000615267395930132,5.955358183955182e-05,3.064460252660249,1.8139530787880302,1.7678132778520987,1.5887148790316128,1.757101672337662,1.7459176386920143,1.7678132778520987,1.7459176386920143
2048,11,27,1887,0.0021809360611611565,0.00010332403140030899,1.3690855071602075,1.2299185353829871,1.2377805033476397,1.3453860900203884,1.3769677673027139,1.382684277060109,1.2377805033476397,1.382684277060109
2048,11,28,1887,0.009619053041584034,0.0026833962113448706,2.125227579007682,1.0082444307633103,1.004576220227328,1.0297413110121079,1.1561631491832622,1.0355284080364433,1.004576220227328,1.0355284080364433
2048,11,29,1887,0.13192105722315983,0.002987465337887831,11.243649609959935,1.0569538799579838,1.0562631857372262,1.0870193851115044,1.1948634019572504,1.1335328429552245,1.05612321327374,1.1335328429552245
2048,11,30,1887,0.1709948104670225,0.0030687991475795116,16.90356058676797,0.9875822437040603,0.9846060285688958,0.9876495870671977,1.0035325024142516,0.998919202267489,0.984605635221437,0.998919202267489
2048,11,31,1887,0.09986807566994882,0.0059279278324198435,15.12197613251147,1.0113400329096778,1.0110423420157209,1.0376896680197882,1.2318963455347687,1.0107564854055964,1.0110423420157209,1.0107564854055964
2048,12,0,1887,0.01639876434403712,2.9945925930750457e-05,2.5940752735655996,1.828020626617222,1.8207013372996432,1.9693490461107408,2.122551984707175,2.12165291997741,1.8242838810648994,2.12165291997741
2048,12,1,1887,0.25006351541384314,0.006537695395121318,22.719370416908916,1.0349425816608877,1.032129948718187,1.0562876389873044,1.6947573746301101,1.2877316305678201,1.032129948718187,1.2877316305678201
2048,12,2,1887,0.00906093622054577,0.0003545422253206465,4.051639527296927,3.9933497306525756,3.787939007203818,2.820901559709973,3.444417811561881,3.469780218010724,3.7884801011040046,3.469780218010724
2048,12,3,1887,0.23380668010083464,0.020807572211434814,17.677300027653285,1.0080653453564656,1.0079071344670432,1.014256184115049,2.186548218587577,1.0264849106536174,1.0081074288769085,1.0264849106536174
2048,12,4,1887,0.002135757474353048,0.00046924889780569303,2.449881157620873,2.412384818067636,2.3298410064035333,2.1834836260429324,4.986461274789096,4.987493613857664,2.3298410064035333,4.987493613857664
2048,12,5,1887,0.0024807242351432826,0.0002910451227049194,2.2525626588201293,2.0395349816060455,1.9162499074044543,1.6019355226476804,1.4344215646890779,1.4362686040673718,1.9212736677279705,1.4362686040673718
2048,12,6,1887,0.0013528915351454643,0.0027824043362452778,1.7301944415547257,1.5490500811036954,1.5211630153189186,1.222458851912891,1.494968826299044,1.4568395768354025,1.5217643027997183,1.4568395768354025
2048,12,7,1887,0.0002933305321619424,2.088621946502203e-05,3.0609932482720064,2.9364345135020504,3.0152120616475466,1.9404905789326374,1.9396859808176619,1.9394887026697618,3.0152120616475466,1.9394887026697618
2048,12,8,1887,0.020320164573237105,0.026631566309036573,10.921503200158735,1.7201492739259732,1.8680360370160458,2.1384502251932918,11.705012582687646,2.1195459408591444,1.8680360370160458,2.1195459408591444
2048,12,9,1887,0.06963537118603588,0.14173874720244123,4.517624062417904,1.0394676640193714,1.0388202167538112,1.0546852229172987,14.836796572126945,1.1965398010532067,1.0389060349833077,1.1965398010532067
2048,12,10,1887,0.01091886758572501,0.0008969342750929091,2.8743531455239797,2.6945287202935915,2.449311612604243,2.1842915676458423,2.5357714387939785,2.543483276085428,2.447163278378596,2.543483276085428
2048,12,11,1887,0.0072425079219815515,0.034345281418208334,4.168580809335763,1.05767622899156,1.0615951115684656,1.1618662706383076,23.07803164613715,1.0917941467206986,1.0615678614928161,1.0917941467206986
2048,12,12,1887,0.00015610192281629835,9.070057787142155e-06,3.0481741078815894,3.0132236852005776,3.048317661355982,2.723388660864795,3.3119844049539067,3.314203177795005,3.0522021088661417,3.314203177795005
2048,12,13,1887,0.001128242342481111,0.0001141902072691317,3.9564018296440304,3.587288381119359,3.5389388908710417,2.8413688269607595,3.120155597123465,3.111316395661315,3.5389388908710417,3.111316395661315
2048,12,14,1887,0.00012799648593885685,2.6185967099271754e-06,2.9427102825310363,3.0213730770017864,2.938897126217867,2.7594788720761874,3.396441716244258,3.3977959652168104,2.938897126217867,3.3977959652168104
2048,12,15,1887,0.000418888274046688,8.4574710623091e-06,6.765763507080301,6.753084154782339,6.752751937312062,8.701744181057526,14.205118605966323,14.205841598856367,6.752578415175848,14.205841598856367
2048,12,16,1887,0.05743769335321722,0.007089537134331366,15.370232645250228,1.7215168981250561,1.6414048573537352,1.8826555847421325,1.9537081602755595,1.810914796822352,1.6414048573537352,1.810914796822352
2048,12,17,1887,0.017528834797738074,0.002623296504383892,13.682302708982098,1.3675370902639514,1.3148967803202745,1.4159284563647425,1.8616229261462942,1.5277819614280048,1.3148967803202745,1.5277819614280048
2048,12,18,1887,0.0005287589759094719,6.341592701529435e-05,3.6184836161312735,3.659669520559834,3.593348046076081,2.498077361995363,2.616878535822504,2.61837703102572,3.5937085122666113,2.61837703102572
2048,12,19,1887,0.09677507317964862,0.00337279401136194,13.62870701655876,1.0221215707239366,0.9292775401052297,0.9940119984183962,0.9675291088336715,1.0344566359938583,0.9292803290782303,1.0344566359938583
2048,12,20,1887,0.180021929825691,0.004489131232461061,34.46212959257249,1.6663670403393365,1.65993222237099,1.4885134890934875,1.7900066790186202,1.6892836710399766,1.65993222237099,1.6892836710399766
2048,12,21,1887,0.018598955465415283,0.003284881703384103,16.656741264857466,2.015905678431286,2.045341863471814,1.9668319734949997,2.336756085824897,2.190968147736029,2.045341863471814,2.190968147736029
2048,12,22,1887,0.1855199174680151,0.004280519824905594,42.055296130639434,1.397274556580998,1.478660440650622,1.2225217732697844,1.5972055768306626,1.4495490138189373,1.478660440650622,1.4495490138189373
2048,12,23,1887,0.10480480052675062,0.0027091331945219284,25.31540189359332,0.9733708603409372,0.9867578249860928,1.0969274938679754,1.1230205867256595,1.0420577048282123,0.9867436257064603,1.0420577048282123
2048,12,24,1887,0.0033647588460940744,0.00019862383770199432,1.5028180952169836,1.172164234821879,1.1746218183016188,1.2463880644795227,1.6744456167655906,1.658596270343593,1.17462866584079,1.658596270343593
2048,12,25,1887,0.040559586015624226,0.0017444418423321242,21.968524438660737,2.3433903124107625,2.1780706153773086,2.318611096740228,1.8417161882951913,1.8039623525964765,2.1780706153773086,1.8039623525964765
2048,12,26,1887,0.12770955091297428,0.0005611587306895697,35.051226538842336,1.0117165391729408,1.008133283140756,1.3428100243183867,1.5767909293491174,1.5634180798685464,1.0027218168889707,1.5634180798685464
2048,12,27,1887,0.007157030546048915,0.00030524082410062143,4.153373994758955,1.3421755615988467,1.2833512291666083,1.672987933088322,1.5570447834913963,1.5465804600236694,1.2807883646339633,1.5465804600236694
2048,12,28,1887,0.008837280000381895,8.517362150504284e-05,6.270372359121572,4.364337600723043,4.319272902959112,2.7271249664094785,3.1850487058705257,3.182179006053788,4.319272902959112,3.182179006053788
2048,12,29,1887,0.0006707788897635891,1.4907945139098497e-05,3.1233472325086677,3.111702809719533,3.103249230980044,2.936054142770675,3.8357024056381332,3.8363462709241363,3.103249230980044,3.8363462709241363
2048,12,30,1887,0.009771309010594718,0.0004519932187385173,6.373531937729984,1.1430790424493742,1.1515359630061885,1.3579295112610932,1.6609612386366746,1.5823104275539763,1.1515359630061885,1.5823104275539763
2048,12,31,1887,0.00022529523121966947,3.228772012699248e-05,3.140915095907195,3.1772953114594107,3.1376101188520353,2.476345683798311,2.800619770810789,2.801616207405961,3.1376101188520353,2.801616207405961
2048,13,0,1887,0.0007262682226700121,2.8524081718035764e-05,2.0782379024291973,2.067747323012864,2.0312857741427806,2.5946188441232865,3.0584037172356746,3.0605907156592305,2.0312857741427806,3.0605907156592305
2048,13,1,1887,0.001554799155417598,8.278027289166423e-05,2.6836176032083165,2.6695662166543306,2.6437049847780885,2.1384529654613362,2.5062402412383897,2.5068798038702163,2.6437049847780885,2.5068798038702163
2048,13,2,1887,0.0007083570623692593,1.4526962161048547e-05,4.279145575951585,4.2022183309370496,4.184744500047776,3.7237730323939084,4.981003161185251,4.980633506947903,4.184744500047776,4.980633506947903
2048,13,3,1887,0.009265415264859097,0.0004407161889269678,9.680455061008628,1.1753239282155084,1.1694776514900256,1.672047229473817,1.6193432998111763,1.4211839241555815,1.1694924242522209,1.4211839241555815
2048,13,4,1887,0.0002594271711282428,9.532017432373968e-05,1.6794567150355877,1.4438104035897754,1.4544850103840365,1.3372598704549556,1.7190485101764152,1.696536006622985,1.4544850103840365,1.696536006622985
2048,13,5,1887,0.019660145757180187,0.000405901666772967,6.4399022117438065,1.4724135318949825,1.411414606862687,1.5528091279141758,1.8476042404058548,1.8169384015133898,1.4112061909552762,1.8169384015133898
2048,13,6,1887,0.0008630985445252134,0.00025691277805323163,2.676341748561945,2.1619498709452776,2.2349186943346413,1.803457135549162,1.9163182811698278,1.8861324568442153,2.2349186943346413,1.8861324568442153
2048,13,7,1887,0.005054030278044378,0.00011980826312795331,5.171444004965903,1.7829566243500465,1.7901611615133,1.6432099016830233,1.7357480550843727,1.715392508228317,1.7901611615133,1.715392508228317
2048,13,8,1887,0.02696906069434284,0.019782378657588355,5.0102161836124575,1.06049463645276,1.050409018095753,1.0865204430498734,2.839310345820518,1.2130491820915605,1.050409018095753,1.2130491820915605
2048,13,9,1887,0.12485321815462869,0.007013979671630775,43.868408388697624,0.9553228459533221,0.9498627929844413,1.071339887053057,2.4754074815370575,1.016840207906567,0.9498708141665952,1.016840207906567
2048,13,10,1887,0.1766346318414624,0.002444580352650216,23.40881385646321,2.9587607957693116,2.7151471248073764,1.9790549593766968,1.9623674937241553,1.9196221696729794,2.7151471248073764,1.9196221696729794
2048,13,11,1887,0.060591837223089876,0.002513517552303262,12.129231285047055,2.328592338229759,2.1348453755922394,2.4972508911587177,2.9721931889349813,2.9199580615274487,2.1323340788959806,2.9199580615274487
2048,13,12,1887,0.0005258728188239219,4.867914624560342e-05,4.098474325422963,2.30887941605681,2.2381310208565925,1.7743787038984404,1.7509784550599763,1.7396491179982738,2.238563540622824,1.7396491179982738
2048,13,13,1887,0.014441736995228587,8.513654341266242e-05,19.996700422137895,1.7889361252638252,1.732298405107305,1.9912194296924084,2.1902029690399827,2.211768385776967,1.7329370134363382,2.211768385776967
2048,13,14,1887,0.0011881748991591893,0.00013449934546859733,3.5226100321274814,1.5195168690420056,1.503697238052793,1.4767053607354161,1.5280478920749978,1.5134580032772542,1.503697238052793,1.5134580032772542
2048,13,15,1887,0.03861721234225764,0.00021727303856376083,7.903884692074996,1.0243153886595149,1.024586209412183,1.030812864979781,1.0502076009621284,1.040914284698078,1.0246091536822854,1.040914284698078
2048,13,16,1887,0.000421581828734206,0.0021183299292009796,1.9356816859696235,1.8180850922070442,1.9368903476022479,1.500327318312974,1.4433235105607407,1.4194680192484026,1.9337208384632087,1.4194680192484026
2048,13,17,1887,0.01742526159627007,0.0023169496856546945,10.279667285306436,1.6523952903432468,1.6291402461042734,1.6195667954172182,2.1478491315519004,1.872830578524398,1.6435222746606633,1.872830578524398
2048,13,18,1887,0.0022217311757806077,0.007045872294847667,6.653939221264525,2.231748376655545,2.1285755341641805,2.3314256772608752,13.429484370582042,2.0190601838781115,2.1285755341641805,2.0190601838781115
2048,13,19,1887,0.001076368338422572,0.00042262837983189004,2.448694525861928,2.440445294430263,2.4104505223324506,1.6685533896687166,1.7335243436049506,1.7336708675606016,2.4104505223324506,1.7336708675606016
2048,13,20,1887,0.0013084515609893268,7.764986166032854e-05,9.565438847799609,9.365694626344355,9.437217756664964,7.746017099950545,16.13872538123542,16.1399506772549,9.437217756664964,16.1399506772549
2048,13,21,1887,0.0003706771026783732,5.786714567870346e-05,3.5616891957162315,3.4461369983718924,3.529596538559477,3.1718048993365993,2.854537059640872,2.885004932320905,3.529596538559477,2.885004932320905
2048,13,22,1887,2.5656359585052743e-05,9.390910761594838e-05,4.220584852559431,4.260952224275087,4.2612550400415605,3.211397679511661,2.8650230807943196,2.8625960237180266,4.2612550400415605,2.8625960237180266
2048,13,23,1887,0.04623837817258739,0.0011363922806477643,26.8879304019115,1.672094194033702,1.6010842413745532,2.1183097304825,2.8766975748743353,2.877343112371501,1.6010842413745532,2.877343112371501
2048,13,24,1887,0.007032110424777841,0.016667652279798127,7.648137157935448,1.7594331276092312,1.8222202889338963,1.894607394913043,13.429725168994139,5.1124106563228,1.8222540282493298,5.1124106563228
2048,13,25,1887,0.07621270770031774,0.0024692963287789443,22.92214168521321,1.4282261316595075,1.4187430412692723,1.4695824552172119,2.09394061079217,1.7971609277127203,1.4171285051074842,1.7971609277127203
2048,13,26,1887,0.010130373790285464,0.052715095354067265,3.6133519147401496,1.3217758589911834,1.2686152474257106,1.4841713759782256,12.81217294598078,3.589319987105139,1.2686152474257106,3.589319987105139
2048,13,27,1887,0.0062099593996928,0.10647459481337491,2.0760151415612564,1.1873675647283524,1.1852420365683247,1.2631195678935703,15.80812980114268,2.1336110317542496,1.1852420365683247,2.1336110317542496
2048,13,28,1887,0.04187414562395031,0.0004701175776971391,29.74110669653357,2.465969200853178,2.466357810220655,2.4558142537105714,4.418735276579691,4.3930821073511614,2.4573438373589385,4.3930821073511614
2048,13,29,1887,0.3039183647610696,0.004379292359657325,60.10397438323474,1.1624583629071994,1.1553490708775256,1.4695342820561592,3.098009219361294,2.9274334535020556,1.154329854380835,2.9274334535020556
2048,13,30,1887,0.0795840789959878,0.0008357659660165417,33.94083435402855,1.1570082456644695,1.1536918898114314,1.198912321771684,1.39167583395333,1.33010846537719,1.1536918898114314,1.33010846537719
2048,13,31,1887,0.003839315288532017,0.00015416591276115943,3.8776456645965505,1.7700792876420468,1.8548909456365752,1.8149148825101562,1.9850955521583669,1.9672706103304933,1.8556344853201534,1.9672706103304933
2048,14,0,1887,0.004901242905641773,4.796040900469021e-05,10.35784719086072,4.984904031762005,4.894666793053417,4.436387426165987,4.285852249384683,4.281799271651377,4.894666793053417,4.281799271651377
2048,14,1,1887,0.018089876437291708,0.0011194309683676856,17.961967587917158,1.0048779647551103,1.0171772838258737,1.0195364957981,1.1790978769989602,1.029905947546037,1.0171772838258737,1.029905947546037
2048,14,2,1887,0.00010539695458597657,1.1788981154067892e-05,2.061734861936832,2.09361915277058,2.06417914278714,2.244743653889552,3.0065633923638875,3.007340524087286,2.0641828724192792,3.007340524087286
2048,14,3,1887,0.0003115649822192115,3.985206477132965e-06,4.4194219043996075,4.855621447681963,4.335784525104059,4.257102416586725,10.312752755275577,10.32874098683554,4.335784525104059,10.32874098683554
2048,14,4,1887,0.01545090552418269,0.0033217665161907367,5.745529696567777,1.4378636573758823,1.3705402141295118,1.373701536802942,1.6300645858459764,1.5037107725899224,1.3697036451827895,1.5037107725899224
2048,14,5,1887,0.11370398816832343,0.003207716831869415,23.95490327912476,1.1380802858038566,1.1380529672475086,1.3916983443645774,1.5773920769962961,1.4046608053047305,1.1380529672475086,1.4046608053047305
2048,14,6,1887,0.03197506444767393,0.0009695791892415851,11.257366857232844,2.168236863805469,2.035789961930042,1.8738771148632916,2.693142821446152,2.6676322666384356,2.03799819837639,2.6676322666384356
2048,14,7,1887,0.023695850975776693,0.0026390009288229654,4.700353963394763,2.5904172341100233,2.4412774231407024,1.897335763964882,1.8882725950326913,1.8546728489931015,2.435269484940949,1.8546728489931015
2048,14,8,1887,0.019309612262987934,0.00040437915266503693,13.525769690671538,2.6595685753555904,2.5630490817236393,1.991619234515559,2.506097811765166,2.4969375966742913,2.5630490817236393,2.4969375966742913
2048,14,9,1887,0.0003975891723076123,3.0829455487895644e-05,4.7579603228045,4.752740620653949,4.66573214377226,3.8857123084867795,6.047076835638916,6.1314987080566,4.6652261758028155,6.1314987080566
2048,14,10,1887,0.014678598266303883,0.004178391688397042,9.03656810675818,1.087533400109209,1.0931002617899712,1.3000928054020897,1.930264275269277,1.327508507959991,1.0931083197849973,1.327508507959991
2048,14,11,1887,0.0005177505735425746,5.3534416935543185e-05,3.3220746625929234,3.444489187449397,3.2363967982635655,2.609450991191423,3.2775210821351988,3.276562090788798,3.2363967982635655,3.276562090788798
2048,14,12,1887,0.0005374567294448087,8.359530822810204e-06,2.6959053426524795,2.671277187536177,2.696306552506377,3.093989963904215,3.9959984381976494,3.9976207300864006,2.696306552506377,3.9976207300864006
2048,14,13,1887,0.062318705370818475,3.4755744489570126e-05,50.90116393209183,1.5680075942344716,1.603025866438824,2.389225696349155,3.570885179342919,3.569946909325399,1.603025866438824,3.569946909325399
2048,14,14,1887,0.0012212449668207665,2.4655695097212028e-05,3.1184068286368256,3.0349014651289354,2.9815040722953294,3.3402771033127414,3.849225909548182,3.8485151568701066,2.981102536048946,3.8485151568701066
2048,14,15,1887,0.001250625487650262,1.3396222838423673e-05,2.7998963173216342,2.6369172213206813,2.5851471298128357,2.9373697584174763,3.8994462761718434,3.8994779251878566,2.585952910825947,3.8994779251878566
2048,14,16,1887,0.00322211299393191,0.0006871148450979874,1.9665859781752937,1.873779877953179,1.9517621467838642,1.6876323210264434,1.7973765225878928,1.7962056112578961,1.9526452500718838,1.7962056112578961
2048,14,17,1887,0.0001893621633636474,0.0007751979050083616,1.571590701333348,1.5736907351796268,1.5726098418235888,1.2779505073743005,1.5153229298469972,1.5223296578782306,1.5726098418235888,1.5223296578782306
2048,14,18,1887,0.023355526140488577,0.026446576329092912,6.374824202113688,1.8431123284066704,1.8077567741413532,2.175784331873758,6.536617313477594,1.3576056999913937,1.807866610994586,1.3576056999913937
2048,14,19,1887,0.0460972210485039,0.011242354981861878,9.298736433004512,1.1084145262755567,1.1245427268653205,1.1508775260744508,2.435971753782487,1.1245062395309036,1.1251038787328018,1.1245062395309036
2048,14,20,1887,0.00034763380013078934,1.6028927478458702e-05,4.074829959071741,3.7044820681939172,4.0128938423267195,3.279695470510299,4.4689158538508975,4.467559437251564,4.014379310437377,4.467559437251564
2048,14,21,1887,0.0010530117139635972,1.3305672901979658e-05,3.190951332274469,3.0114136382897256,3.104182243689373,2.983232198020375,4.871190143721825,4.871450996042867,3.104182243689373,4.871450996042867
2048,14,22,1887,0.0007575698888712638,3.846594896633266e-05,4.609360002446941,4.367917975450733,4.51774001356538,3.4642090565314136,5.699259802276094,5.7137105028993975,4.572525682344377,5.7137105028993975
2048,14,23,1887,0.0007461388232603943,0.006532922507098046,2.3435026504173098,2.109818166455093,2.165450909453133,2.0877564758912905,3.747332098685434,1.877634819597257,2.1654633985933875,1.877634819597257
2048,14,24,1887,0.1952943626422745,0.0014103167801697027,62.29807559933124,0.9403986995388296,0.9454741688873645,1.0225292877707106,1.1859009475395403,1.0229110945070559,0.945443432513639,1.0229110945070559
2048,14,25,1887,0.6850149201475775,0.0012440148742261627,73.28038743918422,2.163691931164836,2.2214630502037425,2.299928614624464,2.8578672838705557,2.858739336423282,2.221441549457299,2.858739336423282
2048,14,26,1887,0.007240680702856786,0.0002161706993964404,10.028017274945698,3.5326626169707644,3.3684085375340223,2.5279073665993117,2.844542331212518,2.8097734483260015,3.3688881432538937,2.8097734483260015
2048,14,27,1887,0.023241905168234038,0.00038068220548309617,18.727421142599646,3.530766626943561,3.3586627188883873,3.0432948236692625,3.601959158528665,3.574489626500798,3.3586627188883873,3.574489626500798
2048,14,28,1887,0.00011058860411884855,1.9428469276219362e-05,2.821337785122017,2.843549378442088,2.817920748673204,2.700175188656114,5.701096335947465,5.700290135003752,2.817920748673204,5.700290135003752
2048,14,29,1887,0.0003598246101795323,1.979576152172564e-05,3.482892677447209,3.429534801534855,3.5039498406621528,2.643870201381503,4.848708019745043,4.848409971233388,3.5039498406621528,4.848409971233388
2048,14,30,1887,0.00027251859304212015,4.569177369740382e-06,1.656070818203862,1.612109406838206,1.5837695780551346,2.562119562736336,4.977843759758944,4.977416498935545,1.5837541349143034,4.977416498935545
2048,14,31,1887,0.00012807739620547217,1.815208487753663e-05,4.021743947793048,4.1287576261201275,4.0415943347114665,3.3827264274344873,6.2490740481971425,6.248282220813587,4.0415943347114665,6.248282220813587
2048,15,0,1887,0.15227091431792708,0.0007191122122315881,25.5012871481178,1.1313110476594228,1.093723796964236,1.4645119073055322,2.2028165054178395,2.319360758751137,1.093723796964236,2.319360758751137
2048,15,1,1887,0.05293369415386454,0.0012241191856216297,18.263430880941968,1.5784299119217893,1.489285059426326,1.7222728027871204,2.8771787467283905,2.923772539418879,1.489242881240434,2.923772539418879
2048,15,2,1887,0.11775419373172753,0.0019087916241780304,31.101110370039102,4.359164197192786,3.8953683860056048,3.1142832181175963,4.23644382882,4.2563385284268955,3.8953683860056048,4.2563385284268955
2048,15,3,1887,0.04638485461189581,0.00202414532480413,16.297575389796986,1.7572541023574657,1.6938753640994222,1.8776436525323932,2.6879359614150435,2.7631136610871416,1.6925776190704858,2.7631136610871416
2048,15,4,1887,0.0004859537361126145,2.343533599039152e-05,1.9556214081152334,1.9012806213691034,1.917542751422404,2.1536103821241612,2.3733799416262076,2.373743845721308,1.917542751422404,2.373743845721308
2048,15,5,1887,0.07195725467525414,0.0006658701730120395,46.62551446672143,2.430678292760552,2.4526654475732346,2.0854471977337186,3.110573606299629,3.0775036637093627,2.4529641371336472,3.0775036637093627
2048,15,6,1887,0.03422640828530074,0.0057075441437772914,15.639079832001661,1.2993861423361013,1.269177989098507,1.4280063552536901,2.330043880548646,1.9161996884775192,1.2678501950947636,1.9161996884775192
2048,15,7,1887,0.0050110889693134085,0.00013166034799507454,2.7096189713818624,2.2133966638687412,2.190533533396636,2.243417893573539,2.270629922571648,2.267850638925714,2.190533533396636,2.267850638925714
2048,15,8,1887,0.08063907116186594,0.0016323504661522805,9.508264009747933,2.5193952073117307,2.5166900290355905,2.322042180987272,4.3314334930823035,4.28402963744791,2.5166900290355905,4.28402963744791
2048,15,9,1887,0.010167920850538019,0.0036679610218057195,4.231462414917262,1.9275907322394437,1.9555713481336379,1.8131282455800464,2.8523372281515473,2.42769407501616,1.9555713481336379,2.42769407501616
2048,15,10,1887,0.011086739824833306,0.0048279404134407575,13.321050860203686,2.323278600509305,2.3041973769891184,2.3178764883485274,8.257912822345771,4.37653369082247,2.3065799954353143,4.37653369082247
2048,15,11,1887,0.18241992016003333,0.009455196130450082,17.85117936081793,1.8755526122664645,1.830251583810363,1.7268091409817072,4.3242697498492255,3.922483552451541,1.830251583810363,3.922483552451541
2048,15,12,1887,0.020354731362465836,4.496891075576024e-05,7.241884431172772,3.687850155149388,3.672340789548677,3.366732789622879,3.2928906523696244,3.562269375204856,3.6717991073612306,3.562269375204856
2048,15,13,1887,0.006239915764724554,8.678455011960922e-05,3.416342053646836,2.7836140037782013,2.778503870551492,2.09708876627513,2.067959998131262,2.067930654868033,2.778503870551492,2.067930654868033
2048,15,14,1887,0.9162131327938453,0.006307314712198615,358.21738714096267,1.0870783880346422,1.1058415817933533,1.1116954266933363,6.473706484943439,4.310435325582367,1.105840764487146,4.310435325582367
2048,15,15,1887,0.021215173497260268,0.0006253653929524173,10.602677085636156,1.1755802129298156,1.1766499086065438,1.406215108143833,2.01922136723847,1.9036620107196442,1.1766499086065438,1.9036620107196442
2048,15,16,1887,3.066863632738372e-05,9.432858327236313e-05,4.432074404958626,4.430463599749144,4.42821251109235,3.509221202110761,4.774878349741835,4.7791211375845615,4.42821251109235,4.7791211375845615
2048,15,17,1887,2.891465350951803e-05,7.409291272416322e-05,6.544734602833492,5.967822963823313,6.622388042534032,5.0989674568589205,7.447086632102562,7.447398806486768,6.622388042534032,7.447398806486768
2048,15,18,1887,0.014838078353563353,0.0037666659604338446,6.043278611391876,1.1514503287866398,1.1384598096685339,1.3736308041083627,1.8422433841825616,1.724176562167585,1.1384598096685339,1.724176562167585
2048,15,19,1887,8.777508661459865e-05,0.002449804243916666,4.3511302005746115,4.063233111767748,4.3403333868062095,3.0941338473152795,4.47963005956705,4.575401843779434,4.3403333868062095,4.575401843779434
2048,15,20,1887,0.00036539910456229315,1.2671640047604383e-05,3.118774072416339,4.144036243744216,3.173652967996137,3.679949979782096,8.676129806599013,8.679003419285179,3.1734310201258875,8.679003419285179
2048,15,21,1887,0.0001466540701479574,3.271576932800189e-05,2.5291067413448576,2.4941302260337985,2.544695408861341,3.195590461085303,6.0425166219885345,6.054838473224747,2.545690010485883,6.054838473224747
2048,15,22,1887,0.0022296675097170497,0.00015672334803556215,3.6816755653431725,3.433805164765635,3.33325194219517,4.5256643887033094,10.393596422044364,10.442427946779338,3.332395622050925,10.442427946779338
2048,15,23,1887,0.8993074013731464,0.0005104737453057472,159.6315781167968,0.9720094484567185,0.9673648682526252,0.9386028935591261,0.42818589619895603,0.5107639003805934,0.9673648682526252,0.5107639003805934
2048,15,24,1887,0.45682804413298167,0.01636680107463038,88.63299546638613,1.0974282240647053,1.0835116423214934,1.2813870534163068,3.5801941295840183,1.3520759478665054,1.0835116423214934,1.3520759478665054
2048,15,25,1887,0.500152539316401,0.008101958853445019,374.3448756718037,3.137760209829012,3.2236217524477717,2.6583890398416354,5.92000755413098,4.157700325153601,3.2236217524477717,4.157700325153601
2048,15,26,1887,0.11363704400671137,0.012666432930080159,23.20764403003638,1.8728555976374823,1.8527462048125596,1.9948536159824166,3.0977086419293363,2.3752902912034806,1.8527462048125596,2.3752902912034806
2048,15,27,1887,0.02176551582090931,0.0013440156491756092,3.4632701712560263,3.0935269764025066,2.5492583525105363,2.421256625614162,2.78159187380489,2.7701455690405488,2.5492583525105363,2.7701455690405488
2048,15,28,1887,0.019333589388158455,0.000513312429175724,12.78266551683743,2.8091096243848472,2.8726985333052903,2.286413641931613,3.0005364119985507,2.966484504535434,2.8726985333052903,2.966484504535434
2048,15,29,1887,7.004305226068925e-05,2.789939596088853e-05,3.284722826797517,3.194613513450365,3.307241035882321,3.18272727080404,4.095130020618372,4.093193723373505,3.307241035882321,4.093193723373505
2048,15,30,1887,0.0004514574690407425,7.687379208108517e-06,3.7421955452324958,3.8660385598197475,3.849629858888874,3.8778290369956436,6.39299141298457,6.3756475365653476,3.849629858888874,6.3756475365653476
2048,15,31,1887,0.00018403199238168142,1.3064135632768086e-05,3.2355636412742355,3.3084424929329854,3.27588410035772,3.4409842250503946,6.691665607082727,6.6913714644248055,3.2752410030511747,6.6913714644248055
8192,0,0,7539,0.01420959754942546,0.18393190076043714,2.826960866901327,1.0163809787477112,1.015763115151334,1.0210717581140258,38.37847369827705,1.1159875117273872,1.015763115151334,1.1159875117273872
8192,0,1,7539,0.01711961475495878,0.025277906774456054,6.507791825914311,3.6436704451168773,3.907187893013425,1.9646230668599403,4.334800105352577,1.48086055577784,3.907187893013425,1.48086055577784
8192,0,2,7539,0.03909025507499194,0.8166291629871337,12.586762803010204,1.0014210852094947,0.999794714872822,1.0053469245718325,249.2422345443097,1.9858256073508924,0.999794714872822,1.9858256073508924
8192,0,3,7539,0.023123849702497323,0.032966028943402975,4.983846384147022,1.7718178538187914,1.5927809605712602,1.815994929152739,4.143907848239145,1.6291153050624576,1.5927809605712602,1.6291153050624576
8192,0,4,7539,0.010379264607578289,0.09752258387392476,12.863790459320313,1.8797027220300366,1.2431954929875302,2.6721379598221953,6.19028430651826,3.814838407164569,1.2431954929875302,3.814838407164569
8192,0,5,7539,0.021231418143801865,0.09827659318279616,22.16793465303005,1.8974676676804128,1.1609565916993916,2.8321507384450344,5.99020655724099,3.6998261485045525,1.1609565916993916,3.6998261485045525
8192,0,6,7539,0.009192803490729212,0.08278215551582065,12.020591808795526,1.962539473374437,1.2811098142054855,2.341502840162358,5.384153343878723,3.564101303581664,1.2812871257597882,3.564101303581664
8192,0,7,7539,0.06051222644351265,0.14674814214660034,37.94625598019176,1.1568673602089357,0.9006151786517074,1.6025688761902144,11.848382638003297,3.4327972996723557,0.8995816702610125,3.4327972996723557
8192,0,8,7539,0.03104064089743887,0.010402102688165042,16.02869029002284,1.1606848563001666,1.0553332181445638,1.559353814582439,1.9112010396263233,1.9196804797638691,1.0553332181445638,1.9196804797638691
8192,0,9,7539,0.06817977258431433,0.02178479029399479,31.36646789733369,1.8709180694341465,1.6476531721824035,2.5907727692238636,3.1940417810863093,2.7149553271205655,1.6474589309705356,2.7149553271205655
8192,0,10,7539,0.048545834164799156,0.03561202787535676,49.95502926630369,3.8044551228825307,2.936656262888805,4.443768874749966,10.282975678303565,7.497536491677911,2.9363297392523178,7.497536491677911
8192,0,11,7539,0.06129913745686095,0.0028690939599107378,33.017956559540075,0.9884890392705505,0.9742509175841374,1.0577800182591826,1.75382493628468,1.0237811098999205,0.9747408643707444,1.0237811098999205
8192,0,12,7539,0.0004371340666018677,0.0005671353073545474,1.4859082149703404,1.5222253482403596,1.4302311214540984,1.0918568788084084,1.1125913222872166,1.0944049301397691,1.4302311214540984,1.0944049301397691
8192,0,13,7539,0.0008092101248304383,0.0006294709077037931,1.6060814438393478,1.4654455366656733,1.4818235349237991,1.1037922000091243,1.110718749870738,1.0934580200779125,1.4776851155484256,1.0934580200779125
8192,0,14,7539,0.00025256959537333284,0.0006325792012029803,1.4421608094115326,1.591077303170145,1.405526363179591,1.130242883505312,1.2351227829408966,1.2169905288881853,1.4056828082752666,1.2169905288881853
8192,0,15,7539,0.004560770888097827,0.005669898204488283,1.4322383849016285,0.6966452609785809,0.9464276108686648,0.778539798330552,0.9258572145476772,0.8746069657677016,0.9475643840869495,0.8746069657677016
8192,0,16,7539,0.0025207729783579412,0.009151872837923762,1.3440416605186463,1.5300409783675104,1.1647265787567544,1.277107664419456,0.933386087859827,0.8066236673979381,1.1651418349229978,0.8066236673979381
8192,0,17,7539,0.06081550551242234,0.037102173251477015,6.964641397143651,0.9988717570669058,0.99733271632814,1.0010969728262296,1.5861978257589076,0.9969776701452816,0.99733271632814,0.9969776701452816
8192,0,18,7539,0.004700058236566525,0.003390348989877099,2.803283595037663,1.1025598720915686,1.2160849021839684,0.8883093339519251,1.0296330037117716,0.893664271318721,1.21682329387049,0.893664271318721
8192,0,19,7539,0.0023161494831300026,0.007271658217619865,1.0251483476460188,1.1235883834826959,0.8284550517840257,1.409267043640131,1.4916200951892211,1.479591215212423,0.8284550517840257,1.479591215212423
8192,0,20,7539,0.010713672243838878,0.0045597678176626045,2.6522130952887077,1.8681599179530224,1.478970247239111,1.554925664199162,2.1700662901418686,1.6527818235951857,1.47745377686963,1.6527818235951857
8192,0,21,7539,0.0013182957438990118,0.0007069856820096425,2.725714256312601,3.7266014661716085,2.6204597553878735,2.6388702749882804,3.7537205262854587,3.7403148026179984,2.6204597553878735,3.7403148026179984
8192,0,22,7539,0.0023821622024653363,0.0003157258652433742,1.161867013498334,1.0742154875000838,1.1945575507833952,1.4303076074780716,1.2880782273212203,1.278758143388672,1.1945575507833952,1.278758143388672
8192,0,23,7539,0.021557281595309015,0.005231716947083272,4.153516451098926,1.4555121705487375,1.4811941605167482,1.4264325684827488,2.022095173487455,1.5827619158989157,1.4814745224808747,1.5827619158989157
8192,0,24,7539,0.051843468264503235,0.1540921139866984,18.829969091515956,1.084934131986456,1.0886848335434136,1.6366402976490917,7.098365753480738,2.996840762943423,1.0886553620140813,2.996840762943423
8192,0,25,7539,0.0068852891584755575,0.08609930634492485,12.069723499701349,1.9639652376500998,1.3507311757313525,3.4591470760333594,10.864315845239062,4.145882263441117,1.3507311757313525,4.145882263441117
8192,0,26,7539,0.04130245277341987,0.1774462801897886,18.750317483948226,0.9319432915792529,1.0068768950607374,0.9530340206024386,8.65512107181083,1.3063034325181506,1.0069181269096343,1.3063034325181506
8192,0,27,7539,0.003239812723809986,0.13419180689682167,6.646606049487322,3.0277785459038693,1.4724452021450032,5.326535197538292,17.20660785224347,5.151079362802517,1.4724452021450032,5.151079362802517
8192,0,28,7539,0.0002506040826104122,0.0009999479642484944,2.310348286904793,1.1021883265359287,2.3676103242129276,0.8444857586653264,0.6590764588702818,0.6551282633240784,2.3676103242129276,0.6551282633240784
8192,0,29,7539,9.791050526813651e-05,0.0011368586739536073,3.5521646489715484,4.022210387175316,3.5515721318695506,1.7574800485160753,1.8319704569491957,1.8305511574354856,3.5514739522290957,1.8305511574354856
8192,0,30,7539,0.002493783987794754,0.0007274188128742205,2.1755565469788043,2.561526096821777,1.6310367749904926,1.7754285280344182,1.8321442410987816,1.8341724316006287,1.630894234314168,1.8341724316006287
8192,0,31,7539,2.487974358214827e-07,0.0006843318877740294,1.8047474564391548,2.708287800180094,1.8082541755918156,2.2861197212147792,2.2178687939128956,2.2188780358496953,1.8084597075132427,2.2188780358496953
8192,1,0,7539,0.004647997877475766,0.03409677158182626,2.094562037647951,0.9747526821246351,0.9755689469723294,0.9613851134989624,17.133425046494715,0.9584065873669011,0.9755689469723294,0.9584065873669011
8192,1,1,7539,0.0311163793626741,0.1581308007483006,7.583685896866995,0.967783721269347,0.9665441011938426,0.9547148653321106,46.99324973970521,0.8697108613921132,0.9665387741078204,0.8697108613921132
8192,1,2,7539,0.0018470899845952436,0.0018262598652179698,1.7267899746517914,1.4882298557118632,1.4898848208941726,1.2520323682250907,1.1998847023578345,1.1819171358181186,1.4899744293170065,1.1819171358181186
8192,1,3,7539,0.012814411501725038,0.006206937928176953,12.217418491173914,1.2152018465661083,1.1935980959709769,1.296540446539872,6.042346078590982,1.3762049449498766,1.1943785843213925,1.3762049449498766
8192,1,4,7539,0.011965868634031344,0.011435614454400106,10.234155688667313,1.0047510415652359,1.0887237900231268,1.1752599579107772,3.9610786214643086,1.247174417171368,1.0887237900231268,1.247174417171368
8192,1,5,7539,0.01752077948091675,0.04118360901898896,9.113870802667238,0.9919010627868977,1.017604596560952,0.9797713057800909,10.320406984233038,1.0860338829987715,1.017604596560952,1.0860338829987715
8192,1,6,7539,0.003409453754921282,0.003359363564605064,10.136333788672157,2.3677934522835646,2.3525027161456835,3.9103531784481778,4.801471720906531,4.9039944255073715,2.3525027161456835,4.9039944255073715
8192,1,7,7539,0.0005178555011663107,0.0066710397963691374,1.8688967902559124,1.5062663972977495,1.6306543902247035,1.5163400433643004,3.0049037755957224,2.0603763972171287,1.630489818524782,2.0603763972171287
8192,1,8,7539,0.003445689965921847,0.0026147076012515737,1.7064703027655659,0.997456165036398,1.0058950721210371,1.0463203551647529,1.4280416233698952,1.043354949954202,1.0058950721210371,1.043354949954202
8192,1,9,7539,0.0002987334234596645,0.00017235646033706767,1.4581482491022362,1.5958449754090211,1.4523760005995376,1.2632692298948904,1.2774925158901087,1.2764906436820984,1.4514820143147706,1.2764906436820984
8192,1,10,7539,0.027398723421380444,0.029576930778716867,4.435451149622657,0.9940808575388365,0.9938856208103837,1.004125424419298,5.486548647451604,1.0030706777278693,0.99395640124741,1.0030706777278693
8192,1,11,7539,0.014263508187468814,0.011036831655993165,15.35747469958366,1.74470250037775,1.685848858625838,1.9117162114012343,9.279761049519772,2.451874786413331,1.6713867090797767,2.451874786413331
8192,1,12,7539,0.0004797184125597805,0.00020291562857897779,1.0014568950276257,0.9326253701235054,0.9624063409946859,0.8908893190177706,0.8380732691787249,0.8421673947453673,0.9629959801877493,0.8421673947453673
8192,1,13,7539,0.00778019772346113,0.005107061484671051,6.465953170673443,1.708071531432257,1.4510713588991058,1.803753762502127,3.3833036242994217,3.3838076202325156,1.4500197994451818,3.3838076202325156
8192,1,14,7539,0.00261807405905066,0.0023892065490365784,2.0474345197203454,1.6630028013535105,1.4949986220761002,1.893292449756125,2.1120204541976575,2.157764308055101,1.4955746751199825,2.157764308055101
8192,1,15,7539,0.001981785270194447,0.0018436441837351141,2.2406796656214336,1.016554649200591,0.9757187909261457,1.11563605725245,1.4886705135677476,1.4203483614136196,0.9757187909261457,1.4203483614136196
8192,1,16,7539,0.011097838216275555,0.03444920992650326,6.366468747234233,0.9977664787945687,0.9962941657495746,1.023206017866063,14.180022545419636,2.256287195596408,0.9962927469350904,2.256287195596408
8192,1,17,7539,0.00859580492527468,0.023900981377669262,5.663786054870984,1.0526006014688691,1.0434233496159515,1.1243711083294208,10.291282275819022,1.4755164981709006,1.0434233496159515,1.4755164981709006
8192,1,18,7539,0.008689648630461925,0.005374041906534855,25.27637383801503,1.1375168025920925,1.12206468548446,1.2485944575842165,13.587214009553717,5.301868304240205,1.122025885293857,5.301868304240205
8192,1,19,7539,0.013504776630864454,0.00015488422664859338,4.836639459998246,1.0807502766761548,1.0756537585566255,1.115694641610246,1.115654319242005,1.1200667881757855,1.0756332133041853,1.1200667881757855
8192,1,20,7539,0.025838539597115705,0.2300253159921327,5.286981801253498,1.0013120970851115,1.0014598711004479,1.0042999203698655,43.44197228157329,1.085581307873626,1.0014598713338172,1.085581307873626
8192,1,21,7539,0.01920705962735244,0.0008434677370051893,6.567950288407482,3.3591185704417095,3.0735775948010544,2.376646984006596,2.5694191068209022,2.5574597605883533,3.073635481138512,2.5574597605883533
8192,1,22,7539,0.03608846494601617,1.620273824234542e-05,16.83491320784934,0.983909026116207,0.9842197812009835,0.9774861393075951,0.9790159096988031,0.9810516866972853,0.9842260704403384,0.9810516866972853
8192,1,23,7539,0.08926149231734526,2.2303318085626123e-05,43.728361122225024,14.27110416793105,13.988044808700263,15.313376029202686,12.211507121742878,12.21839975613036,13.98802552665009,12.21839975613036
8192,1,24,7539,0.0025666013696048805,0.001264502466190692,12.397283236219334,1.7952618422235378,1.7315136330174579,2.3056215407790583,3.640367468604298,1.534981867150624,1.7315136330174579,1.534981867150624
8192,1,25,7539,0.07871950295780705,0.001747397817341951,89.09672640006478,2.2521164607468016,2.1766852032847317,2.2291193487955026,3.258827898540106,2.9585844141143895,2.1766852032847317,2.9585844141143895
8192,1,26,7539,0.023901494193215984,0.00347883263962197,68.21815509904745,1.1393892667339898,1.1324407244157615,1.376372205421637,6.270636562368646,2.8365922778334065,1.1324407244157615,2.8365922778334065
8192,1,27,7539,0.008252053704174714,0.005669399796187177,38.95067280617603,1.7973354542864215,1.8696959347726325,1.5661351259164538,7.935345776994105,2.4345102837681267,1.8696959347726325,2.4345102837681267
8192,1,28,7539,0.023133995466244364,0.0012063418618290418,10.974410076758119,0.9991394198229653,0.9926381121720663,1.1009086223203401,1.0756892285780335,1.0924617332974464,0.9926381121720663,1.0924617332974464
8192,1,29,7539,0.0018936306672104964,0.00424940589637437,1.9708852432857853,0.9835057938553035,1.017270307554441,1.123144658818162,1.6897725216969814,1.1814148863238512,1.017270307554441,1.1814148863238512
8192,1,30,7539,0.012874786682045749,0.02324387921679636,12.3163222194168,1.4750094705665246,1.3405707358438477,2.394163363528763,8.921348074580393,2.208183315481259,1.3405928637201243,2.208183315481259
8192,1,31,7539,0.05214868706962572,0.01963413660268837,36.85570329516024,1.254184983749034,1.1439522093621024,1.2595629886877762,2.0552278738816585,1.0915596924686197,1.1439522093621024,1.0915596924686197
8192,2,0,7539,0.004558772950275322,0.017783359989759058,3.175537941416656,1.0579027000822583,1.0495814199210936,1.2404958451377202,10.528453472259798,1.3017546926896524,1.04950374478696,1.3017546926896524
8192,2,1,7539,0.05061562104867861,0.0029703357943016233,110.72565198267955,5.8396442898339656,5.728155322779653,4.92039893660644,7.084700918840849,6.587597115267649,5.728454830221358,6.587597115267649
8192,2,2,7539,0.009156808951251075,0.012263482641249575,8.265803827311116,2.3764765437076947,2.371285781924581,3.0735625320456363,8.43495012819691,2.522318754731102,2.371293964207954,2.522318754731102
8192,2,3,7539,0.002071732620152011,0.00018800248256603395,5.421794757205257,1.6076106172152482,1.5349638972814559,1.5644450113484274,1.884680248078957,1.879309636570179,1.5349638972814559,1.879309636570179
8192,2,4,7539,0.007774420606700525,0.01122119842593725,2.620981927125414,0.9848778346487016,0.9928232313775122,0.9731960791546206,4.386383499955248,0.9806994259958898,0.9928012115532941,0.9806994259958898
8192,2,5,7539,0.011978986182938491,0.0005791672333672014,3.5259640122137577,1.8372330107128065,1.8180890250912007,2.0117095506925233,2.0171799992001405,1.9968380919735484,1.8180890250912007,1.9968380919735484
8192,2,6,7539,0.00016270297631983916,0.0007573184508840677,1.206458906481112,1.1806351700387454,1.2174763998013307,1.2282117911155381,1.2740988214061337,1.2273542197073954,1.2172664154422168,1.2273542197073954
8192,2,7,7539,0.016510891699160132,0.07674816992443084,8.368464307500805,0.9966690542932528,1.0001880303118607,1.0542792866955153,36.51732769691453,1.1238560087515523,1.0001837008292327,1.1238560087515523
8192,2,8,7539,0.007993120675930847,0.0017290364886679292,40.43296515537076,3.4151599694401313,3.105413007190636,3.8025102799194554,6.743137899645876,3.7378773625028856,3.107398983745246,3.7378773625028856
8192,2,9,7539,0.02485065565648433,0.005656143268515198,37.610253591338626,1.2008249037779657,1.1642023234171044,1.3694447208338023,6.680995957551753,1.5999230588763285,1.1642023234171044,1.5999230588763285
8192,2,10,7539,0.0007542521193061711,0.0004091512139625293,2.216078547646219,1.7928871942673894,1.691702142990578,2.1769256540054887,2.4395523228158527,2.3587229802089733,1.6906500443031416,2.3587229802089733
8192,2,11,7539,0.016261606712148047,0.005798128638365454,29.201749707025638,1.9278454175094204,1.7349565858107616,2.3202780261750573,8.196557589288377,2.5607690509868473,1.7346770010982742,2.5607690509868473
8192,2,12,7539,0.006505229509323198,0.003573063781892794,24.47010326972337,1.2726760208903614,1.2958397336196774,1.7722840388934378,14.350785780323422,2.834469635064326,1.3005566414329754,2.834469635064326
8192,2,13,7539,0.004069902205962637,0.001881317094792712,1.2301098436496696,1.0108239991802799,1.0107697877667496,1.0171521800397147,1.1543753597035777,1.0123751193899502,1.010770071051769,1.0123751193899502
8192,2,14,7539,0.0010104863320805114,0.0004915002401446464,1.6211765903957613,1.607822761028476,1.5994210408710792,1.4021598477942414,3.1007403038711256,3.097872060155713,1.5994210408710792,3.097872060155713
8192,2,15,7539,0.0026486605076604416,0.0010959860763416966,1.8150398026314158,1.682903696287879,1.6951137070955244,1.831754582546826,4.782889718266318,4.643179984932901,1.6951137070955244,4.643179984932901
8192,2,16,7539,0.0016790992582048098,0.0012030507017297281,3.785724381629307,1.0664670334857613,1.07517908335206,1.2258810896419352,2.6837172666238933,1.1813549595761046,1.0751965682863165,1.1813549595761046
8192,2,17,7539,0.04647434825553902,0.008552389636425524,41.37719202075,1.3598380343918186,1.3389335097340191,1.7588913248590936,3.8040397993205053,2.130710435116835,1.3389335097340191,2.130710435116835
8192,2,18,7539,0.01055611762660645,0.007637443678851941,8.928375150557034,1.1591346718367301,1.1281687832437957,1.476578760568743,5.47305725959162,1.7216231265060922,1.1281687832437957,1.7216231265060922
8192,2,19,7539,0.002468321611541352,0.0027262011723179283,1.7724609501060755,1.196216993502224,1.1977409786210658,1.3449023687622925,1.4709087314882703,1.4896498136465748,1.1981567487788034,1.4896498136465748
8192,2,20,7539,5.9299181892392474e-05,9.901876909432166e-05,43.39539422494624,43.300860777043994,43.322254338163404,30.573726405096462,30.473418844779022,30.619939266969148,43.32255797124237,30.619939266969148
8192,2,21,7539,0.05975845162506424,0.0076363574475973965,59.178927885855856,1.2786228697702413,1.3050652788704356,1.5883929225932667,4.5285815782643,1.5986357268825506,1.305086236478662,1.5986357268825506
8192,2,22,7539,0.02631698157912466,0.009888993261698535,47.85555429937941,1.3392843894113755,1.3564685602982314,1.9478007117016296,11.68110472282321,3.1324955697133,1.3565372233458477,3.1324955697133
8192,2,23,7539,0.014079258966537334,0.0032762854130801117,6.11712141544928,2.120827392407782,2.1325283152779573,1.7367555331943603,2.076057135503216,2.011163795724838,2.1320515487910883,2.011163795724838
8192,2,24,7539,0.0030916321477599124,0.003978660862824468,2.326339811771076,1.278467184496872,1.2670759197181334,1.3278933648006184,2.841281076358069,1.3433252635815027,1.2670759197181334,1.3433252635815027
8192,2,25,7539,0.010221288514715328,0.030864698955367652,5.192529127348321,1.0475767387363877,1.0485973257720718,1.0836517046984866,21.5931299061592,1.1585255110247168,1.0485973257720718,1.1585255110247168
8192,2,26,7539,9.239973617988144e-05,0.00020631536732870198,20.92643709204061,21.1273600789673,20.86196253326802,19.43652780677797,15.311873172706136,15.177838462216291,20.861962646275032,15.177838462216291
8192,2,27,7539,0.0007069598455258502,0.0024690282440100915,4.741476358153627,3.611273118517169,3.56843412810237,3.9208176679962814,10.015964693271751,3.973361978511198,3.56843412810237,3.973361978511198
8192,2,28,7539,0.0041332087366397615,0.001640004147258043,7.092495445789962,1.2234502141314856,1.2077961938866688,1.3882512810410752,3.2867090869237345,1.742548998658053,1.2077961938866688,1.742548998658053
8192,2,29,7539,0.003161017710683086,1.5792883173067052e-05,2.4595627839781855,1.0182752610765413,1.019893474820845,1.0415823957757264,1.0005861081505574,0.9995450030362729,1.0198935779032905,0.9995450030362729
8192,2,30,7539,0.09935679465195923,0.004988953454354414,101.12680598810005,1.1829114854960396,1.1834236172507513,1.3231115946021754,5.2633097835723,1.6006966890509338,1.1834236172507513,1.6006966890509338
8192,2,31,7539,0.016674357280850278,0.06521912803645935,2.579787195182731,0.999205356823348,0.9984297913381205,1.0081046622409477,8.455802297514971,1.0016647627635302,0.9984297913381205,1.0016647627635302
8192,3,0,7539,0.022650593366177665,0.004644311136138706,4.847670986784708,1.0598092348268267,1.0617017223128535,1.0639284557706985,1.417542534987807,1.0299434205377433,1.0615967216585556,1.0299434205377433
8192,3,1,7539,0.0008703964118577739,0.00043489398534259766,1.4436627090312273,1.440450286961489,1.454855810593445,1.2485883993228821,1.2149080082335892,1.2100603207271925,1.4550067152504917,1.2100603207271925
8192,3,2,7539,0.017096450410840045,0.030037693577765933,3.435577456362895,1.0264988081319906,1.0270189931717937,1.0486134304655357,4.966816969250955,1.1100772164184007,1.0270189931717937,1.1100772164184007
8192,3,3,7539,0.08386603570504123,0.017172945132156597,53.64973209444892,1.0236328990628323,1.0205630591376238,1.0669429713451004,10.86914535064074,1.0834320314990298,1.0205252760358492,1.0834320314990298
8192,3,4,7539,0.0038260129814040203,0.0009642408010647033,22.940400061020355,4.954753756777935,4.902043964867225,5.206320154733307,8.02101853626472,7.343360654202517,4.902043964867225,7.343360654202517
8192,3,5,7539,0.01794236459029379,0.13084188935276173,22.187832376699504,1.1158942849961984,1.0984896292936634,1.328948186374582,138.06137531708436,2.7621345517696065,1.0984896292936634,2.7621345517696065
8192,3,6,7539,0.03177506193551774,0.018560168939285113,53.56461001980199,1.3365012979991995,1.3166552531331321,1.7164920830097046,21.077089757894342,1.5443823474048937,1.3165134209601657,1.5443823474048937
8192,3,7,7539,0.03809644507098173,0.024320426502324556,67.1005481957235,1.6766149282046983,1.6925431019530441,2.0989229168234593,28.673095243710875,3.3272979217329084,1.6925431019530441,3.3272979217329084
8192,3,8,7539,0.024078384008226365,0.10228278480641896,4.3257989429530905,0.9996683225619586,0.9995604663114941,1.0045345366134293,19.324079630156238,1.0082982826269447,0.9995604663114941,1.0082982826269447
8192,3,9,7539,0.0022347631306368467,0.0030569588791082,1.3031378784409118,1.0626364188052384,1.0678560399791868,1.0682668397365773,1.6911235030545981,1.1461988826925735,1.0677868050866643,1.1461988826925735
8192,3,10,7539,0.025919177191005494,0.17304004255763017,4.901671487249846,1.0329935103635464,1.0354056312295201,1.0621143304198435,33.497609425810204,1.2488702589415948,1.035309817149564,1.2488702589415948
8192,3,11,7539,0.06833833513373705,0.05269363219625144,38.545196697813374,1.0967896955661494,1.1038444678387964,1.1653125011673386,29.18219201412327,1.729510720631063,1.1038444678387964,1.729510720631063
8192,3,12,7539,0.0073963262850492515,0.0005653053120655873,2.74370283735213,1.014048165804851,1.011520472698355,1.0291432562217067,1.0730453205286454,1.0410204031694645,1.011520472698355,1.0410204031694645
8192,3,13,7539,0.04132060229783996,0.006394449226587091,19.594047283744352,1.0412817163548356,1.0592290706417202,1.0882552655131226,2.1925953360571118,1.0625156199333596,1.05922643871813,1.0625156199333596
8192,3,14,7539,0.0016955120844290164,0.0003731663004751451,2.288861387534069,1.0612771695275145,1.0636971095722236,1.2233711506357219,1.3048681915932525,1.2339867554732729,1.0636971095722236,1.2339867554732729
8192,3,15,7539,0.021547048977195237,0.005243545228956502,5.631094799691135,1.0346050277956074,1.0316461918214164,1.0507639515869962,1.4793688545230785,1.0893818230761343,1.0316461918214164,1.0893818230761343
8192,3,16,7539,0.14914214220974573,0.006189989570342338,40.084458967374964,1.06278558838872,1.067153862495447,1.1301235238921528,2.3607697402550665,1.2037346370482196,1.067153862495447,1.2037346370482196
8192,3,17,7539,0.036821006664647916,0.13242308260127003,4.668534819209889,0.9963000930133404,0.9959716072172542,0.9953437304001441,14.496019278800825,0.9973158269452482,0.9959716072172542,0.9973158269452482
8192,3,18,7539,0.029306498328005377,0.0831288281505185,8.90630021553717,1.0375002362285208,1.0429853902149315,1.0794039905641857,24.506190139059324,2.235370383299793,1.0429853902149315,2.235370383299793
8192,3,19,7539,0.09184896470064523,0.029122080947827752,29.952961147324842,1.1858666068372599,1.2177890258401218,1.336217233126009,8.330656641498006,1.8363511630668157,1.2177890258401218,1.8363511630668157
8192,3,20,7539,0.001429788890784381,0.0029251499553167113,1.044983491195503,1.0336145745634417,0.9773819331929914,1.046110209156343,1.133663649362513,1.1172156349801248,0.9773819331929914,1.1172156349801248
8192,3,21,7539,0.008489330213479954,0.008338151678787773,4.972212554977423,1.3288771969289772,1.2664692821392702,1.366935063783426,2.991538015253542,1.456199121747305,1.2664692821392702,1.456199121747305
8192,3,22,7539,0.004839923862461599,0.0005838770902503116,2.469933333075519,1.058299161303556,1.059813582437914,1.1013617076695628,1.0586969765825875,1.0583336989380687,1.0607329254425224,1.0583336989380687
8192,3,23,7539,0.10723689929457197,0.01348708454884174,33.04087214411337,1.7630724485501268,1.716221995468146,1.6883714280382118,2.9232834088331923,2.304659306650672,1.716221995468146,2.304659306650672
8192,3,24,7539,0.16698748457944118,0.014540513533880549,81.04404020324142,0.9346428161145327,0.9200796640305521,1.3325736880853012,5.757673623027594,1.3760379829177856,0.9200935852676916,1.3760379829177856
8192,3,25,7539,0.0009642407609155375,0.0008571439446724388,2.1728673129384077,1.8036664449860311,1.836221136930505,1.6329006635270198,1.6671120059401037,1.63203568991482,1.8350470625446222,1.63203568991482
8192,3,26,7539,0.05596651384029203,0.08492385492333308,8.214574295500809,1.0736052845672766,1.0687731046403026,1.0965391880585145,6.74978652848683,1.0850521970286648,1.0688871846715913,1.0850521970286648
8192,3,27,7539,0.018296185147099006,0.005894785044331703,7.531791077705535,2.6244630156033093,2.4885575663768424,2.139957760904344,2.2611316127764627,2.1953214458435806,2.488399193179841,2.1953214458435806
8192,3,28,7539,0.015256947541515667,0.012927267389965072,3.7757737808996814,1.036355985175398,1.0373246792072617,1.0670927184126586,3.018204872958663,1.0522969826267525,1.037255726329656,1.0522969826267525
8192,3,29,7539,0.017029860189476276,0.010760660598947685,4.799764648548951,1.03644726276061,1.0318147329028737,1.1058219559727,2.877769561669857,1.1540967930421278,1.0318147329028737,1.1540967930421278
8192,3,30,7539,0.013406171087376835,0.006082989685719457,5.625266534108976,1.0903058686632126,1.1025798548777161,1.3904544872410858,3.3205056637721775,1.477418774811798,1.1025798548777161,1.477418774811798
8192,3,31,7539,0.0046445272642887375,0.005379550343640795,2.2901383517604796,1.0074804136611344,1.0109492905679527,1.0968011779302245,2.6061537214671966,1.3932213690604907,1.0109492905679527,1.3932213690604907
8192,4,0,7539,0.002252474632647645,0.003692851616530524,1.8277202338931564,1.7277941727182955,1.7049031054823902,1.3613973494350626,1.7624131126357616,1.6529910394327578,1.705147670105665,1.6529910394327578
8192,4,1,7539,0.003383793209700681,0.008591066064962861,3.9669806651071866,1.2077614156976393,1.1688648577494436,1.2721864959763618,7.2540821411241145,1.284969722455093,1.1686090981691788,1.284969722455093
8192,4,2,7539,0.002735513696488608,0.0028668791781976967,6.518034872216261,1.378220901983788,1.3487755142772284,1.3022480183437926,4.213349032548655,1.3494397086698802,1.3480497681961146,1.3494397086698802
8192,4,3,7539,0.001467180035661562,0.0004381408199338256,1.775789488318018,1.5533501866385075,1.513366567538589,1.3962108406127183,1.6637112862440269,1.6478749763311196,1.513366567538589,1.6478749763311196
8192,4,4,7539,0.05071466152281138,0.11493193231797687,18.566352288464618,1.000919313023258,1.000233039985261,1.014127216852415,17.07596078217959,1.013957939459529,1.0002288341148304,1.013957939459529
8192,4,5,7539,0.038258572946163576,0.024427345883256495,24.465585446382487,1.1659263721630215,1.1464808616286992,1.3459236025694343,4.597911108342069,1.2619693332732307,1.14714736786785,1.2619693332732307
8192,4,6,7539,0.02283987642671513,0.006160195056535219,6.253954623705406,1.016804314774978,1.0302386225433204,1.0346522876013928,1.5486142529135187,1.0582924303398575,1.0302386225433204,1.0582924303398575
8192,4,7,7539,0.07432488721436956,0.008795217300415398,37.366568236135706,1.0491236405915412,1.0325851306046732,1.117136911027996,2.074425926547922,1.104179227944023,1.0325682980082065,1.104179227944023
8192,4,8,7539,0.008129623087992336,0.0011581723715757262,2.8799599745294557,1.1377652523915351,1.1608684764156798,1.1550152119290888,1.332206085960236,1.2013901545314059,1.1609876572101099,1.2013901545314059
8192,4,9,7539,0.025220424685218353,0.04571457661453496,8.476131510600979,0.9941983104631514,0.9957299066887424,1.0066981824845527,14.194308367451372,1.0092583000028044,0.9957299066887424,1.0092583000028044
8192,4,10,7539,0.003129622509121363,0.0014519285641604463,1.5450645903863356,1.316461652251575,1.2114773518457989,1.2699251452071036,1.2460556157876959,1.1876889914103743,1.2126881031345293,1.1876889914103743
8192,4,11,7539,0.11554764187371461,0.03253863326641896,26.354288624999626,1.2307058316529553,1.2614579352493063,1.3209859337143575,5.057644195545129,1.5215842363349776,1.2614579352493063,1.5215842363349776
8192,4,12,7539,0.026978597921824936,0.2381144487108377,12.563551119397367,1.0443639863368384,1.0495952767952426,1.1068935838468958,100.9554673748627,3.3117971533072157,1.0495952767952426,3.3117971533072157
8192,4,13,7539,0.0353771465410296,0.10429362594171146,6.467718460192315,0.9930800171290112,0.9931112904090215,0.9920564017782121,18.725375410917003,0.9840599224390392,0.9931113439608472,0.9840599224390392
8192,4,14,7539,0.1007614522800352,0.03511159344523886,30.019842319928703,0.9675768488469324,0.9728794071819944,0.9625146364868025,9.811279943988065,0.9457702875328685,0.9728794071819944,0.9457702875328685
8192,4,15,7539,0.006588244238749139,0.0012496166318523413,3.070288046086507,1.5109518078601052,1.5132473257762429,1.866384666454272,2.020459343177832,1.8316777521708725,1.5132473257762429,1.8316777521708725
8192,4,16,7539,0.11833665516401529,6.515196600858995e-05,68.1612336949248,15.661145128559468,15.326798942010953,14.682582048573478,9.897880082185418,9.89173946583785,15.327940407148157,9.89173946583785
8192,4,17,7539,0.01725228863229369,0.15885099952030052,10.198224018593802,1.010489167417404,1.0101754305163606,1.0144414046678354,86.84209074262043,1.0324733048310453,1.0101754305163606,1.0324733048310453
8192,4,18,7539,0.023653669491331707,0.025630885476433177,12.184641917171978,1.0147470655183484,1.012723025467831,1.035548266714429,13.033699989024738,1.018578745768877,1.012723025467831,1.018578745768877
8192,4,19,7539,0.030789355880121907,0.001853965194628469,5.410190271672835,2.8012299520718416,2.7273692891220924,2.3223554036234835,2.6608508812983307,2.644591335290413,2.727347883784152,2.644591335290413
8192,4,20,7539,0.00022586507559608907,0.00016864371032967575,1.114212418763734,1.098833948598957,1.1010279315875102,1.0665483571894947,1.085554818203016,1.0775531230663609,1.1010279315875102,1.0775531230663609
8192,4,21,7539,0.001622816690893815,0.0021139789414992755,1.5012825463447668,1.2978404676934328,1.251609869134717,1.4166556668278942,1.7825195923197399,1.6645893610946998,1.251609869134717,1.6645893610946998
8192,4,22,7539,0.002575284295880721,0.002874294809767201,1.4216903208410592,1.021939909594742,1.0172667363869907,1.051953849712012,1.4954723855721543,1.0428664428053296,1.0172667363869907,1.0428664428053296
8192,4,23,7539,0.011316470757148377,0.0006321528701255539,3.3823289033629904,1.0378658449657643,1.0436571824069643,1.156985982853084,1.1765390967184841,1.1810219036612728,1.0436585897284172,1.1810219036612728
8192,4,24,7539,0.029047748650128522,0.15418575715920205,10.005026927118143,0.9873995623403528,0.9884240181970678,0.9859474756402877,85.6209622152108,0.9577982002214287,0.9884240181970678,0.9577982002214287
8192,4,25,7539,0.036082691108105795,0.01275938130855604,10.460236119818685,1.0448517927579057,1.0479260239025958,1.1583161642108937,5.6223673887732,1.1130918748309173,1.0475775857917833,1.1130918748309173
8192,4,26,7539,0.10539686924830541,0.01746143713013912,37.595463871444494,1.0914806295306259,1.094670964862606,1.2315934775575228,7.01113617631716,1.2429538522016184,1.0947655014815283,1.2429538522016184
8192,4,27,7539,0.00583734678440194,0.01284578292291064,1.5383580086721298,1.0160958294110876,1.0158210007915558,1.0390751376491505,3.6365304381374868,1.0514467122398368,1.0158210007915558,1.0514467122398368
8192,4,28,7539,0.0019881112204504264,0.004138501913950965,2.3323927246114255,1.566199938332883,1.612977826322576,1.6336114894824705,2.497322538325317,1.647585864446683,1.612977826322576,1.647585864446683
8192,4,29,7539,0.0021204397682724253,0.004257215492460749,2.069654715060131,2.06434136584469,2.0529797931749654,1.7410860860814896,2.0009542073765942,1.9424634010574076,2.0529797931749654,1.9424634010574076
8192,4,30,7539,0.0036393241435211717,0.0032134365096829986,6.332703993946605,1.3264454022236467,1.3416697015276575,1.4559502691628645,4.514563951550767,1.6528516191573945,1.3416697015276575,1.6528516191573945
8192,4,31,7539,0.04459935572344857,0.06619719519899395,15.458340269472236,1.0951440780377208,1.0932090917178716,1.1311631956720885,21.211613151544736,1.2446340806258371,1.0933220902819922,1.2446340806258371
8192,5,0,7539,0.00043895959877371144,0.0029692876313736176,1.0662109521831793,1.0617104728393347,1.0392803150226249,1.1585310180915553,1.126823688680417,1.1342029476524056,1.0392910866408323,1.1342029476524056
8192,5,1,7539,0.0020939879517749022,0.001445773595318019,1.218042266623988,1.1249159892752432,1.0988373538541756,1.392388027664357,1.2353615693609286,1.305764434481356,1.0987975787839295,1.305764434481356
8192,5,2,7539,0.0033675116856074112,0.1242794873337466,1.198922554192828,1.0095678116981404,1.0092385915700215,1.0172384814247015,10.48379126011384,1.0332895519423761,1.00923797287282,1.0332895519423761
8192,5,3,7539,0.007270954516341236,0.07693581240443574,1.2570915541583678,1.0082180032445243,1.0082107417161847,1.0187707837392541,5.457427300035133,1.0178226561647659,1.0081915399569144,1.0178226561647659
8192,5,4,7539,0.00279064605683249,0.0005196627531478976,0.9069111372773268,0.9931735438563776,0.9959815212715948,0.9833387590060202,0.9822737103076004,0.9798193673764859,0.9959853939150921,0.9798193673764859
8192,5,5,7539,0.0028613225310364426,6.006343754952337e-05,4.695734053702512,4.946131120515131,4.342545256325229,4.589065077771854,3.3662541896274245,3.398411407021744,4.342545256325229,3.398411407021744
8192,5,6,7539,0.001806075088066974,0.0028639615573175805,0.8252817268637895,0.9596100325170867,0.9669241881521311,0.952242691835636,1.1057733986318246,0.925525259523566,0.9669269015713884,0.925525259523566
8192,5,7,7539,0.00031838122968338707,0.00017779950446869644,1.0824824674477243,1.0994603005765204,1.076736411842445,1.238812722955122,1.2687123779055076,1.26578565274071,1.0765025343400805,1.26578565274071
8192,5,8,7539,0.0038093920011729584,0.0024232819398847037,14.26190867597478,7.19682756589953,7.039458024846886,6.335729533409141,9.794610245649714,7.428512328480907,7.039376636766442,7.428512328480907
8192,5,9,7539,0.0006107292799536921,0.0008062649272141616,4.258926717343666,4.153708939325748,3.9714146510200266,3.6160948584119446,4.821965210723007,4.643715363794693,3.9714146510200266,4.643715363794693
8192,5,10,7539,0.0024845430473300705,0.00036962520671585954,30.334472567909867,26.178646578082073,26.553667662273554,20.91435738069817,25.03037910407355,24.67569002444051,26.554272576599956,24.67569002444051
8192,5,11,7539,0.0003263086791802681,4.3321031447042874e-05,21.600034597816883,20.809382812999292,21.04545756896112,31.877033103648817,34.332731818963104,34.23768125383931,21.04545756896112,34.23768125383931
8192,5,12,7539,0.004736802364063839,0.0036189589956248254,1.520333687519069,1.0042114273719729,1.0038310300514766,1.0114101030229483,1.3983713208520616,1.0278331892231578,1.003840310006092,1.0278331892231578
8192,5,13,7539,0.0531451297727795,0.2604116898409316,12.320602654462883,0.9864009864691873,0.9859029857337442,0.9776225136792929,56.56187413621396,0.9201459370548409,0.9859029857337442,0.9201459370548409
8192,5,14,7539,0.018418752242372858,0.03324992498685583,19.56857974435662,1.0717763282235142,1.0701356800276802,1.1332020894404424,32.8023804873618,1.4336203928685103,1.0701356800276802,1.4336203928685103
8192,5,15,7539,0.005015752273258748,0.009954651497921525,2.3763565831426026,1.0335464211954124,1.0287181453023555,1.0495271988613317,3.8663619196546932,1.0875151523400537,1.0287181453023555,1.0875151523400537
8192,5,16,7539,0.09136433333880745,0.05942308176899421,8.415045278923339,1.0009616588108203,1.0009985390772476,1.0016411237819893,4.938596256173142,1.0018044001974962,1.0010004170668299,1.0018044001974962
8192,5,17,7539,0.008043223788997972,0.000607538792236466,2.7111503718518173,1.0090639539599693,0.9991139307359385,1.299849981670252,1.5036976874480106,1.5120513921876757,0.9991139307359385,1.5120513921876757
8192,5,18,7539,0.0032534242331535455,0.051608150685725974,0.9535673031614246,0.9835860754393796,0.9841361957313007,0.9698507777376707,6.803047970690653,0.9574297377821921,0.9841361957313007,0.9574297377821921
8192,5,19,7539,0.01981140664701022,0.006798025006821965,13.514360807028943,1.728269252014108,1.7000205109081954,1.746734970910951,3.056177413127911,2.0719894356520556,1.7000205109081954,2.0719894356520556
8192,5,20,7539,0.06334415371828818,0.23677305065050375,8.041918613914602,0.9930032340372655,0.9939722500849425,0.9900781511361569,28.726109969941984,0.9407358768400366,0.9939722500849425,0.9407358768400366
8192,5,21,7539,0.0007599532248192337,0.00025219250526822064,1.4007386715568408,1.4414401740382123,1.3667999389769088,1.2328447126240722,1.2907472419370227,1.2892678331261724,1.3667999389769088,1.2892678331261724
8192,5,22,7539,0.004787610049262506,0.006501988068861218,1.0461555607623145,1.0006399311198617,1.0006821415083704,1.0007691026411307,1.170189243637134,1.0072854253374268,1.0006820850312659,1.0072854253374268
8192,5,23,7539,0.005169818237199194,0.03528363395540081,1.1645665367257676,1.01851273308198,1.0175311926213488,1.0369075774335248,5.4202488052387805,1.1025118150777016,1.017491892957958,1.1025118150777016
8192,5,24,7539,0.004724484431903881,0.0014377841390378315,1.9144281272422314,1.065425719362815,1.041654493873117,1.0419812872623415,1.3256933243500417,1.1468751946562767,1.0417430856063297,1.1468751946562767
8192,5,25,7539,0.020489083969725055,0.1101948105825167,4.980955395392776,0.999575027573832,0.9988189496609309,0.9944943894641368,23.016540858907447,0.9967926224115273,0.9988189496609309,0.9967926224115273
8192,5,26,7539,0.01393973003547364,0.01471984949551471,3.945658097599656,1.018798695687827,1.0038544068004553,0.999909780433899,3.6560548778492894,1.0002132170023579,1.0038544068004553,1.0002132170023579
8192,5,27,7539,0.007919341563934708,0.0012736164009899274,3.7012701188590906,1.1150570517479195,1.0947968785488857,1.074831244376736,1.2490401135880222,1.0638892518327816,1.094778874115067,1.0638892518327816
8192,5,28,7539,0.07628779568319592,0.012167362337697475,26.689282916597453,1.010867559501021,1.0077531473784602,1.1296194021735182,3.527965185711724,1.2693462892369964,1.0076951369659661,1.2693462892369964
8192,5,29,7539,0.017605741677312516,0.046130068787089806,2.2712791721452446,0.9646910282016512,0.9670928658379946,0.933427802471238,3.9557867630369903,0.9033250175409547,0.9670928658379946,0.9033250175409547
8192,5,30,7539,0.01193767505677535,0.0038896508531857314,1.6407587190717157,0.9841636658697055,0.9842392187839497,0.978074811786942,0.7698972373538763,0.9529147440119228,0.9842891273712604,0.9529147440119228
8192,5,31,7539,0.1368700737567485,0.00703537666595804,79.85197015666301,0.9660282952902778,0.9622256339342624,1.1782558462801527,3.364772706717559,1.1350725276253004,0.9621690402368055,1.1350725276253004
8192,6,0,7539,0.09175713390737704,0.15535509186518603,8.556652725078928,1.0007038732964944,1.0007039304884389,1.0006009223580101,15.786526794413456,1.0079093496590439,1.0007039304884389,1.0079093496590439
8192,6,1,7539,0.0024081544278279155,0.02614320544338246,1.0166286182913817,1.0011687403012606,1.0012099407883435,1.001905848666053,3.0088840665514436,1.009362532058627,1.0012104253769287,1.009362532058627
8192,6,2,7539,0.08882225900983326,0.15841476824811604,13.842490952048538,0.9975887517241154,0.9988567997032115,1.0014028388801561,27.092817836875348,1.00266056691496,0.9988567997032115,1.00266056691496
8192,6,3,7539,0.015809278975113146,0.2709954673836932,1.5063498899580459,1.0024934689725418,1.0025609756141298,1.00308098663222,18.934414307750725,1.025624203675201,1.0025601982078218,1.025624203675201
8192,6,4,7539,0.00394056125577818,0.008654894325471901,2.0292333416774646,1.234377740283884,1.2325600635198175,1.2092076410598798,2.0064067826164007,1.1217727697387854,1.2325367579514719,1.1217727697387854
8192,6,5,7539,0.10094641773927582,0.05754913905110469,22.488792531575122,1.0469691057695079,1.0263233092227784,1.0953303811594373,8.657424871685205,1.1608325437620581,1.0305750775439144,1.1608325437620581
8192,6,6,7539,0.07149046087709911,0.00641873064618382,22.264891537029726,1.0599767247575973,1.0556405814980665,1.0962504835804145,2.138490814835805,1.1324929079615862,1.0558204893008671,1.1324929079615862
8192,6,7,7539,0.020824222369674236,0.029993028852172657,2.507386178059698,0.9997241505622367,0.9996496310722297,0.9996451036653898,2.6291112908676353,0.9991663433422422,0.9996496310722297,0.9991663433422422
8192,6,8,7539,0.19047238209464507,1.4703549167026484e-06,99.54252603180018,6.038111055172096,5.9609869228161605,7.817740297526004,9.117514182808197,9.117298225864802,5.9609869228161605,9.117298225864802
8192,6,9,7539,0.3548855885960971,3.606675910828167e-06,91.4405474727274,2.1911070459565876,2.1788810385384276,2.343355664621925,3.064158804407452,3.063788584688912,2.178899846957667,3.063788584688912
8192,6,10,7539,0.0010595599721084994,3.745392951701694e-05,3.8994409341726937,3.9066143163697884,3.8397561027021867,2.830306912465505,3.823162488859199,3.8230011637365244,3.8397561027021867,3.8230011637365244
8192,6,11,7539,0.12620535528380505,2.0795188999064768e-07,64.16043208070435,7.438531855937407,9.92993349367723,9.659308356810465,13.498223695909823,13.498169983813742,9.92993400630216,13.498169983813742
8192,6,12,7539,0.010583464512257888,0.0033098684341954514,2.308023434619624,1.0277569765530228,1.0228658846315102,1.0523755199333025,1.2716508053479716,1.2264495818202839,1.022870840397026,1.2264495818202839
8192,6,13,7539,0.05880387896040208,0.038156441282819184,22.232934546573034,0.9731372594050687,0.9780280490230651,1.0455513896461808,9.457421701710503,1.1369077184405196,0.9780280490230651,1.1369077184405196
8192,6,14,7539,0.0011069776110131462,0.00025585747119061535,2.1811869263310717,1.4687228752830226,1.4064316083489932,1.6672999396426633,2.073588538946844,2.004875210459428,1.4064316083489932,2.004875210459428
8192,6,15,7539,0.01638261153789604,0.025482173593283797,3.751397406049297,1.004397585804766,1.0041115950631654,1.0064143132349144,3.6033024314387543,1.0089845437958356,1.0041283341082299,1.0089845437958356
8192,6,16,7539,0.17733548955012463,0.038540395623892304,34.18761740564704,1.0488488651747156,1.0585988283492165,1.2126829490374322,4.631616703079969,1.3545267634887634,1.0583572369581666,1.3545267634887634
8192,6,17,7539,0.01100196428720946,0.11590101237460446,1.749149493528254,0.9906305102052069,0.990619524857718,0.9768193290371091,11.093262731477227,0.954052188515314,0.9904838388100997,0.954052188515314
8192,6,18,7539,0.010490468501371236,0.011087058470280001,5.797414180995263,1.0465921025506693,1.051075340478914,1.0967930103921015,4.376021102566287,1.2445765144931609,1.051075340478914,1.2445765144931609
8192,6,19,7539,0.05378428480539616,0.002598362533287035,26.480641899002343,1.0271863319258578,1.0277843526508883,1.0795507259540649,1.493203332555407,1.2749110506825259,1.0277843526508883,1.2749110506825259
8192,6,20,7539,0.007823820200773901,0.0050295703769173555,3.7830657907946934,0.9946939167293498,1.0022294486849375,1.009712291209403,2.8586912538878373,1.0445730796344002,1.0022294486849375,1.0445730796344002
8192,6,21,7539,0.0035662899076101674,0.011354061445012708,1.1924531115508081,0.9986684630181438,0.9985809621244234,1.0032307024070095,3.195526657987978,1.0059771579568844,0.9985809621244234,1.0059771579568844
8192,6,22,7539,0.025763221999131856,0.0770266793969464,6.990960781651556,0.9957770523038619,0.9968445722004473,0.9974251360210535,23.678184260152122,0.9932478881261415,0.9968454423278742,0.9932478881261415
8192,6,23,7539,0.15121303033885045,0.016760382118406882,88.32338069159613,0.9864341081314141,0.9760468100328036,0.9859992794987334,10.249050656138442,1.113394344745691,0.9760468100328036,1.113394344745691
8192,6,24,7539,0.03524810882374408,0.02698542111065516,10.296902903099264,1.0058062407284531,1.0057029801119128,1.0119830771631708,5.294595574214557,1.0178179086837051,1.0057991532422341,1.0178179086837051
8192,6,25,7539,0.05092174073824049,0.0026889600559243747,18.299579321173624,1.0027788504918944,1.0042549851912066,1.0205850230108637,1.3137657925002086,1.0441144141073546,1.0042549851912066,1.0441144141073546
8192,6,26,7539,0.03273350203324334,0.024232797858222875,11.446741574335723,1.0017395157183335,1.0058147829329072,1.0338028093520626,4.94342786378936,1.1124318216346594,1.0058147829329072,1.1124318216346594
8192,6,27,7539,0.010266256119344985,0.004342888062886658,6.183884727016467,1.0584541353528583,1.0485145203586936,1.2770385394922241,2.4499103394372193,1.691775561359796,1.0484847899959515,1.691775561359796
8192,6,28,7539,0.0015557014028182254,0.0023002898550423777,1.16870387884243,0.9702863542089312,0.9746332140433333,0.9903494320427537,1.2369702373059466,1.02009365930765,0.9740172862682238,1.02009365930765
8192,6,29,7539,0.011054770420289855,0.025237372662916712,4.5212116673097675,1.081036352094136,1.0661306805528603,1.0885042712291235,6.828938437911639,1.6523459467547892,1.0661306805528603,1.6523459467547892
8192,6,30,7539,0.0364067632740056,0.018670940309902705,14.918719316467048,1.0877818931549919,1.0544670102571125,1.0740995399774784,3.5750949962350633,1.4540275422941564,1.0544670102571125,1.4540275422941564
8192,6,31,7539,0.03946567735543362,0.01350834604157735,21.939410831488967,1.5038885629395238,1.3296706506116591,1.949956772175272,6.359817918780437,5.698487867328348,1.3296706506116591,5.698487867328348
8192,7,0,7539,0.007836785845877955,0.0875077257492,1.8261676631850885,1.0020579272704162,1.002611845046725,1.0033454201165706,18.767596772680275,1.0066576653651886,1.002617756076403,1.0066576653651886
8192,7,1,7539,0.015524817004061926,0.011622538884229382,2.4760680977852396,0.9932630657229742,0.9952270358227013,0.9922066425252846,2.271478592117733,0.9797206697589254,0.9952627081539603,0.9797206697589254
8192,7,2,7539,0.0009736121298201336,0.000626927578846676,1.4825977721568984,1.4052578252151837,1.3854236675051583,1.2316205471582788,1.3234290900190187,1.3086216097380656,1.3854236675051583,1.3086216097380656
8192,7,3,7539,0.001653091569266088,0.0017041180901081173,1.6493396601074095,1.472644189729237,1.4190800555855645,1.198764868841761,1.4743547404289954,1.426888880240129,1.4190800555855645,1.426888880240129
8192,7,4,7539,0.07535654374461535,0.020505711244094046,26.427745957216253,0.995471306110771,1.000521032567617,1.008826802748252,4.447416634196379,1.0148725092242092,1.000521032567617,1.0148725092242092
8192,7,5,7539,0.0008185226377076702,0.0017792350671775692,6.078424999722648,6.026735538894582,5.846172423110164,6.067901518038012,10.57643063478441,10.56700461276312,5.846172423110164,10.56700461276312
8192,7,6,7539,0.005889848536913169,0.017431138146823497,1.4115040450439345,1.0116500950242353,1.0115844671701795,1.041600221798092,3.751605304857257,1.3392555491315903,1.0115893980515567,1.3392555491315903
8192,7,7,7539,0.041548493865565805,0.03822030681223667,20.666529465426308,0.9967919404009351,0.9961053492820733,1.0256841758857107,11.759418308300976,1.1150932683979766,0.9960560508899554,1.1150932683979766
8192,7,8,7539,0.02176109653762892,0.00417601797799889,20.55976960926198,1.0996414458920722,1.1007921187574232,1.1158335292836343,3.432411782282326,1.2072859799363864,1.1007921187574232,1.2072859799363864
8192,7,9,7539,0.003616614454913674,0.004580274055568564,1.4360548347112756,1.180560652304337,1.1723875570456803,1.1862712942580862,1.394113143149318,1.316814047219806,1.1723875570456803,1.316814047219806
8192,7,10,7539,0.0002335835726214149,0.00018222678988602146,1.287975364211021,1.2631263597376585,1.2738379295204565,1.0894094000135088,1.132693186072286,1.1288539656613414,1.2738379295204565,1.1288539656613414
8192,7,11,7539,0.012415134108773453,0.009921331377095517,5.618401085934361,1.0483519422163168,1.0519657736274304,1.063957060529806,3.473305070683995,1.1321387259075424,1.0519657736274304,1.1321387259075424
8192,7,12,7539,0.0016504414737205254,1.8356071312795294e-05,4.710637047640629,4.880079045182315,4.581065672643029,4.490436734199451,20.647644283328695,20.648495789516907,4.581065672643029,20.648495789516907
8192,7,13,7539,0.0023657579061553457,0.006885825104466695,1.3544584532683241,1.0742235349238647,1.075893120541222,1.218548015286497,2.2948004936463686,1.075157551332758,1.0760075464219108,1.075157551332758
8192,7,14,7539,0.027656194372529072,0.004382371802978354,11.052653928998364,1.0906630335721952,1.0848888481523717,1.329933652895952,2.5403833855243176,1.4646976572981323,1.0842282621660557,1.4646976572981323
8192,7,15,7539,0.011133137363961711,0.007763251355251713,3.0926515256560663,1.0242988549646588,1.0281885775604496,1.152552129027189,2.800133500478616,1.3798675517886596,1.0281983958921648,1.3798675517886596
8192,7,16,7539,0.024844935914918837,0.13994561062969132,14.427703856294432,1.0774233959847648,1.076128148922504,1.1510810010247075,70.41770938606484,1.6666229364886915,1.076128148922504,1.6666229364886915
8192,7,17,7539,0.01681727130318083,0.06377820278075888,4.966782451578393,1.0045917177868566,1.0047689307366174,1.0159246213186666,14.740983029632163,1.0578803071652154,1.0048197532527015,1.0578803071652154
8192,7,18,7539,0.001357883177033984,0.0010720875147126661,1.3495018113187986,1.1186663515865563,1.1200518970091868,1.2279308697292046,1.7514295991758426,1.6097043106688178,1.1200518970091868,1.6097043106688178
8192,7,19,7539,0.0063966955680337416,0.014327766421296441,3.4199941848899256,1.1596212522797684,1.156088575477452,1.1926615858310425,4.204575411995607,1.2959116869545462,1.1565665435801646,1.2959116869545462
8192,7,20,7539,0.03065948502691767,0.00941842454575484,13.038081285910927,1.0217853317158403,1.0279560869131963,1.0956051297224196,2.951562496232634,1.2210340779271962,1.0279560869131963,1.2210340779271962
8192,7,21,7539,0.02911196763702733,0.002083111988677962,15.989737684427482,1.2644308382385625,1.2732839291967428,1.478097095616877,2.153547399622818,1.910115423340789,1.2732839291967428,1.910115423340789
8192,7,22,7539,0.028212404236388083,0.0024958797564853213,4.058346637648545,1.2091001685587501,1.1701188125509383,1.177579079488202,1.3331890458835716,1.3319631435984258,1.1701188125509383,1.3319631435984258
8192,7,23,7539,0.011511329721570608,0.0037997941565036143,2.791191057663755,1.0163954978901544,1.0185707051940713,1.043505022457067,1.4285869507038769,1.1954671209497543,1.0185707051940713,1.1954671209497543
8192,7,24,7539,0.013910034328335758,0.005954329289764212,4.062520452958954,1.0541102144955838,1.0403735064778934,1.0865003284809556,1.316781248575425,0.9588753990231087,1.0403735064778934,0.9588753990231087
8192,7,25,7539,0.011491928317787113,0.007834346406267737,3.0408283114407473,1.0948841535872034,1.1011916234119563,1.2001762810946452,1.783797440726645,1.0797596177259141,1.1011916234119563,1.0797596177259141
8192,7,26,7539,0.024768153369323576,0.009424262939702171,4.350394062958704,0.9557858052345238,0.963414522075819,1.0327671154380946,1.9205296419616982,1.1842738239620116,0.963414522075819,1.1842738239620116
8192,7,27,7539,0.0036964877886450035,0.005230933308783281,1.3623537047427972,1.0650926495104,1.0640623549707537,1.2054367252717897,1.5350678131463706,1.090454605478226,1.0640524495165344,1.090454605478226
8192,7,28,7539,0.0055915361736302875,0.008855540718303677,2.663255474641098,1.2131633230632382,1.2021832852359167,1.465914969270232,3.4622543714770893,2.11253866602998,1.2021832852359167,2.11253866602998
8192,7,29,7539,0.018185504182938145,0.005762071001072732,5.255112623407862,1.902114678524701,1.6768790571838816,2.494441184113975,4.207334705219836,4.143098612383744,1.6872586687018758,4.143098612383744
8192,7,30,7539,0.0018375361661335833,0.0013451149586545565,1.3345169096222194,1.1978657745774954,1.1853226250247797,1.1325595267368314,0.6132668497838525,0.601693995627941,1.1854001621741586,0.601693995627941
8192,7,31,7539,0.014118186596680442,0.05572022471124265,7.97142483982306,0.9863184379418201,0.9854369540158752,1.0002993495161887,32.080094840475134,1.0390098414073181,0.9854369540158752,1.0390098414073181
8192,8,0,7539,0.06435239581195577,0.01471107996542004,17.129490474893252,1.0009097246694831,0.9993463969937011,1.076842738899409,3.2581199685105404,1.3352068877301229,0.999168855869417,1.3352068877301229
8192,8,1,7539,0.04602790769805782,0.010184024649655316,18.000152828760648,0.9949729917890019,1.0016994682065368,1.057752757032351,3.2523238497181954,1.3158178639282279,1.001459581483561,1.3158178639282279
8192,8,2,7539,0.030967938499473997,0.026844124055278286,7.960229702372761,0.9832656508328145,0.9855315939609768,0.9916045450314777,5.9085650442919375,1.03525732997733,0.9855315939609768,1.03525732997733
8192,8,3,7539,0.023614487544815595,0.03035441174993017,9.901718524967754,0.9602745204196795,0.9620480013259759,0.9292175780991375,11.855608810282583,1.6803792916801388,0.9620480013259759,1.6803792916801388
8192,8,4,7539,0.0401863592571074,0.00434065028181626,9.967337100766153,0.9946916224731627,0.9904395533963346,0.9792238681433854,1.4276609817245447,1.1191785863743406,0.9905571692263047,1.1191785863743406
8192,8,5,7539,0.07253167141719996,0.013182439249079502,11.75810585782629,0.9918638770759963,0.9934102681838921,0.9802994845504822,2.251735009332904,0.9858001055259896,0.9934102681838921,0.9858001055259896
8192,8,6,7539,0.022986831240852008,0.017741592091510393,6.851462736522033,1.0136897009967014,1.013492363746011,1.022419019590287,4.953653788353401,1.0429705484271976,1.013492363746011,1.0429705484271976
8192,8,7,7539,0.026951835490482388,0.01590901405328673,5.18742988933862,0.9963192142718179,0.9949638961280782,0.9899592370830665,2.9858804391767704,1.019528647206608,0.9949638961280782,1.019528647206608
8192,8,8,7539,0.1240861131497385,0.0621264666193013,31.950497578263967,1.015738774858944,1.013042569985211,1.030797919096419,14.794882264146711,1.0982451556086013,1.013042569985211,1.0982451556086013
8192,8,9,7539,0.012251741663955,0.08066265114183004,1.8081524048072242,1.010308082396705,1.010442051772167,1.0169613327239042,8.472543587379253,1.0284750895804926,1.010442051772167,1.0284750895804926
8192,8,10,7539,0.005111392531389898,0.010656933411428272,1.8318989299089659,1.0033204064748342,1.0013411411271556,1.0125604765200562,3.3459657975118264,1.0151883458094044,1.0013411411271556,1.0151883458094044
8192,8,11,7539,0.022154548873784475,0.2548253684576673,3.569056434257306,0.9929113766780067,0.9934229651162569,0.9894277436153556,38.33364290842137,0.9776140757662936,0.9934229651162569,0.9776140757662936
8192,8,12,7539,0.07015503579164044,0.03767382589184568,25.541342077507824,1.1417465078741542,1.0988701982851392,1.4671315766623962,9.806020479763134,1.8403499102450787,1.0988701982851392,1.8403499102450787
8192,8,13,7539,0.03447736207433802,0.006690562100322154,9.263155734118962,1.1795175707535273,1.1051380608102295,2.2041390245823513,7.598767850036705,7.318870978743995,1.1051380608102295,7.318870978743995
8192,8,14,7539,0.06029803020001288,0.12078958962081274,22.375351969257842,1.547855546664224,1.44987183185932,1.9623247989227168,16.82228992190896,2.182415830799331,1.44987183185932,2.182415830799331
8192,8,15,7539,0.016723698620232954,0.04470930827015432,10.833491629812139,0.9302128363510674,0.9307330749174455,1.0941039247627662,18.124087796210826,2.6603256769682884,0.9307330749174455,2.6603256769682884
8192,8,16,7539,0.14115564767309385,0.04945304317700152,42.42840706666416,1.0842052827568227,1.0777602106194477,1.2172941000537472,13.195463262105939,1.4083895028067903,1.0777461560553985,1.4083895028067903
8192,8,17,7539,0.025327484495312573,0.00013287963608690448,25.051011345435946,3.1770579906154346,3.108093234628613,3.8102983544721325,3.7404369772690846,3.6956277449753774,3.108093234628613,3.6956277449753774
8192,8,18,7539,0.0019099496670014593,0.00010115168320275982,3.7082967275124017,3.75454453163657,3.3982590388206,3.4461796047124014,6.3523377603468125,6.346017209983569,3.3983615340363116,6.346017209983569
8192,8,19,7539,0.019301914993521543,2.139620667002635e-06,27.687625533728042,7.01008043450563,6.872966553279945,9.509160340924199,5.4157526015155435,5.415011773150016,6.872966553279945,5.415011773150016
8192,8,20,7539,0.052376625424761424,0.011350848758034096,22.349122717156163,5.746969891565803,5.207966682296981,10.303267024858066,24.4131826171178,24.59708236705786,5.207983872175048,24.59708236705786
8192,8,21,7539,0.023149066655919752,0.00576087569872401,11.006203700430179,2.4721415064576524,2.3811601132163673,3.9063609947728914,6.793701485893902,6.535647160414931,2.3811601132163673,6.535647160414931
8192,8,22,7539,0.22239430255388867,0.030880424519248,19.354593760669616,0.9994977446856411,0.9989805894960867,1.0002551789905858,3.0438983299498656,1.0054311691519566,0.9990077004663562,1.0054311691519566
8192,8,23,7539,0.06818322994600204,0.008237578167006654,22.64987970609103,1.1007514225730142,1.0840351114628164,1.4095900061716118,3.768677355602896,1.644537152348858,1.0840351114628164,1.644537152348858
8192,8,24,7539,0.021275509729704645,0.006624728705068736,3.5610693736465318,1.0404690615607866,1.0371944823678942,1.0950956657419828,1.9168939514676397,1.1681839163998748,1.0371944823678942,1.1681839163998748
8192,8,25,7539,0.0014169769786457206,0.015877848385233286,1.8123422417028512,1.5440400380325903,1.5495592263819753,1.5830302889984766,4.548888362809225,1.5797793047710211,1.5477361436654735,1.5797793047710211
8192,8,26,7539,0.03716182387057827,0.45342507736639465,3.35071199394225,1.0083030481162862,1.0079161384879824,1.0105406201209257,30.36800412805385,1.2492743122568115,1.0079160653711596,1.2492743122568115
8192,8,27,7539,0.007579677469493615,0.007186929049271109,5.4290774715990056,1.1746284701433376,1.1745058123224879,1.3620757229548102,3.6568035293254764,1.7106260441336891,1.1745058123224879,1.7106260441336891
8192,8,28,7539,0.03336974184318317,0.021615690593669707,12.27327768483783,1.2276704658332562,1.155215414531195,1.3229979450834333,3.519260376666483,1.5794126332682943,1.1537044628684054,1.5794126332682943
8192,8,29,7539,0.059802129907123684,0.06904332787717363,9.397777244092326,1.0099357384381702,1.0084432951899167,1.0156860406641859,8.41178241340278,1.062877424079786,1.0084109468781288,1.062877424079786
8192,8,30,7539,0.024743433705811595,0.0046270789733564395,10.084829529008168,2.0313078498440915,2.0506547399444193,3.1974053316117907,6.870354425136056,6.945862489106786,2.050595117865365,6.945862489106786
8192,8,31,7539,0.024768310816033402,0.0011431271349491335,11.305547074739058,1.4705250035493949,1.4863280692878005,1.832813708493397,3.5044332993418785,3.5426339831706306,1.4863280692878005,3.5426339831706306
8192,9,0,7539,0.008353395478668894,0.0007258487376517473,6.301238079772373,1.0073783102217626,1.0064761037097318,1.0295091485476577,1.3204552460236092,1.0747163110461315,1.0066253567846821,1.0747163110461315
8192,9,1,7539,0.17888600732917795,0.06538661346633594,46.573116915323084,0.9863825802770274,0.9817849350989677,1.014762613462296,14.871989905426043,1.055011754036823,0.9816226849927248,1.055011754036823
8192,9,2,7539,0.011289890034049491,0.031246501135551396,3.450232099092409,0.9947347564411335,0.9949630944042767,0.9983303522437927,7.502103196488549,0.9978989571853918,0.9949630944042767,0.9978989571853918
8192,9,3,7539,0.05575464509710582,0.028585816729291367,11.610324852913434,0.9971708644963059,0.9970397669115373,0.9952782901028709,5.183093411577638,0.9933241065081659,0.9970200307163102,0.9933241065081659
8192,9,4,7539,0.12554228942829176,0.023327730894909606,16.414863212353865,1.0035525722664218,1.006065203921606,1.0093280941422087,2.2623553851511393,1.0291447116269838,1.006065203921606,1.0291447116269838
8192,9,5,7539,0.2941451419038933,0.09010558612218651,16.617017459552,1.002630377049333,1.0031055590127278,1.006434341229534,3.5582061089757353,1.026596673654801,1.0031055590127278,1.026596673654801
8192,9,6,7539,0.06410573698455212,0.04077876775992264,11.810902229993637,0.99259900408137,0.9950712484259894,0.9957874690993906,5.2121435094386825,0.9916309811296581,0.9950615930089746,0.9916309811296581
8192,9,7,7539,0.030363737487969746,0.08358800402403815,7.601819158530264,0.9997640198139073,1.0004335299120364,1.0015528484000282,14.330638169645434,1.0010045411353818,1.0004296904338439,1.0010045411353818
8192,9,8,7539,0.0005734323122920051,0.002176460819875,16.165281582828644,15.820019254537259,16.17644346358758,15.880841985272669,9.782429833550557,9.662306776194328,16.17644346358758,9.662306776194328
8192,9,9,7539,0.002986732959784852,0.007707278849664768,1.4442475081856627,1.3721043449307737,1.3366401793408784,1.2303578722526145,1.352664163954562,1.026441550877309,1.3366401793408784,1.026441550877309
8192,9,10,7539,0.0011976346814311463,0.011968504599542238,2.080859086784198,2.0286189954942655,2.0322343037748776,2.2475564737841047,3.869845134160204,2.935865720280595,2.0322343037748776,2.935865720280595
8192,9,11,7539,0.08949607049345577,0.16599537183122137,11.22292403381575,1.001137451992697,1.0012410099798716,1.002171300430213,25.822538827657223,1.005860547554764,1.0012410099798716,1.005860547554764
8192,9,12,7539,0.6836514660824577,0.016090304678945386,69.53474279886815,0.9577684073793895,0.9565723099804827,0.9537876122389427,2.970961959309756,1.8907928684979751,0.9565729790831404,1.8907928684979751
8192,9,13,7539,0.0037141965519289595,0.008011605962677467,1.7334772956485334,1.0986875817296784,1.08415167213805,1.1189455578454282,2.292921847611724,1.1583072251287139,1.08415167213805,1.1583072251287139
8192,9,14,7539,0.1175627889154491,0.09173981252340886,21.717999287533065,1.0005835964714036,1.0003490626447251,1.0008033415233522,18.89187524353995,1.001253012368459,1.0003490626447251,1.001253012368459
8192,9,15,7539,0.024938239865610286,0.002549712858600193,7.32642040797524,1.0303755205742582,1.029476440904169,1.0437808860450322,1.6835194976834529,1.045058938722634,1.0295068861259722,1.045058938722634
8192,9,16,7539,0.012445840924877364,0.004524273414224058,3.6944342862799906,1.0127207563694478,1.0137606040282654,1.1742566439454998,1.9635978430439427,1.4923813185449197,1.0142102386617937,1.4923813185449197
8192,9,17,7539,0.00191794918856914,0.004016460044304237,1.5778616436225563,1.3752177277863873,1.3493511800604236,1.2931908672603405,1.9586718350007382,1.7540404808099228,1.3493511800604236,1.7540404808099228
8192,9,18,7539,0.010168085549636035,0.00819835170016744,2.117219383145599,0.9998518700065623,0.9998645534067341,0.9997897956376992,1.6800635165183013,1.0008719607692922,0.9998644089195969,1.0008719607692922
8192,9,19,7539,0.01248876603537188,0.03188775992312149,9.92824234270463,1.0523301019233946,1.044375916634533,1.0841669863284635,20.133456245168535,1.0971669027063917,1.0445278995799812,1.0971669027063917
8192,9,20,7539,0.07111811977503822,0.0948733769157176,19.370518529212287,1.0005062384997914,1.0004920545788372,1.0003016464368695,17.428952650876337,1.000933385555644,1.000525198826941,1.000933385555644
8192,9,21,7539,0.05223564509749893,0.0037104889257423045,24.81728012936708,1.2785644710533335,1.2861651759446728,1.7025268811080976,3.4622466187031407,3.1430681387860036,1.2861651759446728,3.1430681387860036
8192,9,22,7539,0.031550114051563605,0.03831487334467947,21.152428934657856,1.2539802118973067,1.2431761565304744,1.3491800369893283,10.437262939155758,1.5544976397949741,1.2412415032288757,1.5544976397949741
8192,9,23,7539,0.018940265851076936,0.00241445628580053,10.48422662542008,1.005659654440781,1.0056094984626645,1.009211915900669,1.5807725622794773,1.0480952666774648,1.0056146249352096,1.0480952666774648
8192,9,24,7539,0.0020289225105690678,0.0009192046299118758,1.4991209508414014,1.1616865324058423,1.1659724554019038,1.2559312985744762,1.367797276382807,1.26414220541231,1.1659724554019038,1.26414220541231
8192,9,25,7539,0.019157551255863693,0.018544399758858347,6.850913991382807,1.0008152421447918,1.0005101747878873,1.0025766156833211,6.60067661623009,1.0023880998935422,1.0005101747878873,1.0023880998935422
8192,9,26,7539,0.08740296186604118,0.05333468713221405,10.748929243425213,0.998735180297521,0.9987420862282951,0.9977575362492944,5.773593985328356,0.998228447246289,0.9987420862282951,0.998228447246289
8192,9,27,7539,0.00729078922969502,0.00465249346131691,3.1297778569132757,1.0628877931094398,1.0405225052532554,1.0241502931052782,1.668221257359869,1.0856472591593767,1.0405225052532554,1.0856472591593767
8192,9,28,7539,0.04758805941466851,0.2755831723570239,29.552019489471526,1.0017619394068977,1.0015669959786575,1.003059998754414,76.52296728763415,1.0442053815325867,1.0015664215401692,1.0442053815325867
8192,9,29,7539,0.12218211693598498,0.005110728516809114,26.21349976682342,1.0008514395386219,1.002338854873621,1.00321248142656,1.230455555831219,1.0130569023920548,1.002338854873621,1.0130569023920548
8192,9,30,7539,0.05238766869490836,0.09617903129418814,24.969629055081864,0.9972253063849041,1.0029602633767698,1.0198774754500162,20.839566829611595,1.0904617972824207,1.0029602633767698,1.0904617972824207
8192,9,31,7539,0.17658569934096288,0.02359953164151671,34.141139732961776,1.0019279423020333,1.0023194631804078,1.0043407743474848,2.8148652666932366,1.0162127207631289,1.0023163672242488,1.0162127207631289
8192,10,0,7539,0.07533054858259637,0.11139678264819462,69.11477936369353,1.8050176029590959,1.675523045694932,2.1817621124147535,11.537512986924499,3.363640020440444,1.675523045694932,3.363640020440444
8192,10,1,7539,0.005689265173125401,0.0013326518145073884,11.340698870672517,1.5362258316877089,1.1524977738855176,1.4870529370937733,2.218854703522523,2.165790434120089,1.1524977738855176,2.165790434120089
8192,10,2,7539,0.00022848601310731224,0.00013721429614659987,9.913375819962328,1.5305133844397916,1.450487701925308,1.7748236071757906,3.0727052183921266,2.9254840447283224,1.450487701925308,2.9254840447283224
8192,10,3,7539,0.07540343981269723,0.011885403917841856,81.8406489136128,1.0273980079126934,1.0397733222721943,1.0482924300097174,3.2792962000726034,1.1272153735345491,1.039782384323702,1.1272153735345491
8192,10,4,7539,0.05914716720745201,0.03185191935526114,29.097674523948985,1.0542873413347007,1.0486884993260361,1.136421072384476,14.259075705105799,1.3131734426690735,1.0486884993260361,1.3131734426690735
8192,10,5,7539,0.05981842055538084,0.08855304388206348,27.80715189277263,1.0158870508450089,1.0187314429020204,1.044360692291822,42.98369203478772,1.099994150074973,1.0187314429020204,1.099994150074973
8192,10,6,7539,0.0036911340351386077,0.013685669230699917,1.1505450439388416,1.1174523959442655,1.14469379460437,1.2313892272114593,1.2972437827499277,1.3945032204918186,1.14469379460437,1.3945032204918186
8192,10,7,7539,0.03226810091523949,0.08781402615495203,7.617895463853669,0.9865894279120491,0.9856045876232237,0.9793790177091011,20.395184045737526,0.9632299646006175,0.9857476521656984,0.9632299646006175
8192,10,8,7539,0.04096489683832808,0.1419206422725964,15.936745812635325,0.993419483842511,0.9928993811753145,0.9890011298943905,35.60534762734356,0.9714503648162951,0.9929086088407024,0.9714503648162951
8192,10,9,7539,0.18126847549128988,0.003490482057833457,33.71518013599768,0.9784100497041194,0.9815893905071998,0.9494621233673488,1.8255913267426853,1.6148963986533225,0.9815893905071998,1.6148963986533225
8192,10,10,7539,0.12481352663462245,0.03915374950160883,49.69467601536972,1.0613642980053395,1.0596426464416804,1.1362554046300737,8.667598593052455,1.8394803383200868,1.0596426464416804,1.8394803383200868
8192,10,11,7539,0.1503249727632213,0.01782710749909443,48.3873996401604,0.9837354434569106,0.9901149783740282,1.0082483728929896,3.8509560503124853,1.088723068350786,0.9901149783740282,1.088723068350786
8192,10,12,7539,0.018921989687964186,0.013195931301866632,4.405544047726808,1.0920104240953659,1.0865133974714527,1.024091023488901,1.6976669133215494,1.2895810197129312,1.086859694617041,1.2895810197129312
8192,10,13,7539,0.03414141288631472,0.003018047700193862,24.124984192642174,2.063288789829017,1.9688595903360098,2.707306650434309,4.2835295923553565,3.9344593216374735,1.9688595903360098,3.9344593216374735
8192,10,14,7539,0.009666770246947981,0.002159796281867063,4.257925635981033,1.5042390336016236,1.480187785517868,1.8256835829906952,1.9794726117842072,1.8755889006692823,1.480187785517868,1.8755889006692823
8192,10,15,7539,0.12265665395736357,0.01154048726774073,37.62577869524816,1.1797328617188056,1.166018046820132,1.299401314799465,2.791834897797062,1.8654265929403364,1.166018046820132,1.8654265929403364
8192,10,16,7539,0.19715907213158823,0.1298272353704639,46.60221042296112,1.0135368612636997,1.0103575906657096,1.0439195681656204,33.07738121734062,1.118963746583902,1.0105384369401806,1.118963746583902
8192,10,17,7539,0.3379658646418259,0.04742777399932073,142.09618959609745,1.2628605086947498,1.2647817933201781,1.423427605373833,13.692406700880962,2.6555238008705233,1.2647817933201781,2.6555238008705233
8192,10,18,7539,0.027129968048058388,0.020856872740384468,6.696804015948992,1.0703479650241028,1.0704076268151577,1.192930866051564,5.343402369323369,1.3921098116266084,1.0704076268151577,1.3921098116266084
8192,10,19,7539,0.03822027685810773,0.045483994067746274,11.394842281123058,1.1997074542636526,1.205739321600653,1.2568930318546483,10.618426330833701,1.8313730240106727,1.205739321600653,1.8313730240106727
8192,10,20,7539,0.001437876112841319,0.001813037149438333,10.31581751679529,3.5527529907871926,3.377486570790586,3.647536800549788,9.960753687995668,6.0851251869842775,3.377486570790586,6.0851251869842775
8192,10,21,7539,0.006757510029213821,0.009155929117831857,1.54853704730061,1.0388856640068704,1.0379041850932296,1.0574720500289492,1.7954677564662582,1.0963081480258794,1.0379033257550756,1.0963081480258794
8192,10,22,7539,0.0044150633065319035,0.003639078567458163,5.6828907009544745,2.505050055023166,2.40812221492023,2.9302814378480764,4.5514503551634045,3.5565984124069434,2.40812221492023,3.5565984124069434
8192,10,23,7539,1.2776063694190596e-06,6.730159927149224e-06,9.523212287140277,9.584354078597363,9.468954140088215,13.05226760196009,19.656131105148624,19.6559777646685,9.468954140088215,19.6559777646685
8192,10,24,7539,0.08338180338547335,0.014040623341785885,28.560653470683185,1.0339387952113432,1.0231491293920247,1.2165194142477243,4.453910062633463,1.7823316518634302,1.0231491293920247,1.7823316518634302
8192,10,25,7539,0.02519124060314662,0.011407351138533344,14.489449778180495,1.252385631965689,1.2494615106994944,1.6899032522040576,7.299062585471138,4.742961062878478,1.2496819331312705,4.742961062878478
8192,10,26,7539,0.06776751567502234,0.001119505749734097,22.003308709953505,1.045022750939756,1.0428988190797348,1.3827401315374699,2.926367213806474,2.869155135435622,1.042901933674792,2.869155135435622
8192,10,27,7539,0.0984858918937741,0.016534452053796608,32.886119332906574,1.0084812569043462,1.0009088142358655,1.0216555888507761,4.536390277562578,1.14489290485442,1.000906273007451,1.14489290485442
8192,10,28,7539,0.04731080041793064,0.09348587602689958,13.025977291385228,1.0092187740609044,1.009085804300702,1.0167515940250076,25.273014532143478,1.0443341222381173,1.009085721506924,1.0443341222381173
8192,10,29,7539,0.03269767977030629,0.02478817278555954,26.117424031259066,1.032220104606159,1.029033202125255,1.0850928731557261,20.005297826039747,1.2964947564535443,1.029033202125255,1.2964947564535443
8192,10,30,7539,0.023833629305380664,0.0032577449515477966,21.53645698754996,1.3499435671209654,1.3234609340255095,1.6383325042580443,4.334136905533376,3.1560940661283285,1.3234609340255095,3.1560940661283285
8192,10,31,7539,0.006721977280421129,0.015335482344266089,2.7587436272361328,1.2709154510118177,1.254867408843917,1.6723803173784775,5.46153858992136,3.1024842832243245,1.2548686383879242,3.1024842832243245
8192,11,0,7539,0.0015795399443664594,0.0025158077643008046,2.3257406389795476,1.6930269490780645,1.7104647009018028,1.5636988718486586,1.9373478214579998,1.3271705294465754,1.7104647009018028,1.3271705294465754
8192,11,1,7539,0.02653274378574759,0.014770062116061742,6.737418405254367,1.4802341199055122,1.4856203201982534,1.3486517258132469,2.8762144340219837,1.398737446793933,1.4856203201982534,1.398737446793933
8192,11,2,7539,0.0070393217435982015,0.015927520900780243,1.9176645051915262,1.3220388110925823,1.2560669879178183,1.3647844923934194,2.1213807948250363,1.4104173787062346,1.2560669879178183,1.4104173787062346
8192,11,3,7539,0.0008546122043707455,0.0015629052557830218,4.343890110790116,1.8657208481423242,1.9270585927814763,1.436890329735601,3.3494529376626363,1.5532248783710307,1.9267963857686108,1.5532248783710307
8192,11,4,7539,0.010724038703262195,0.0025005235689323697,10.101176303233117,1.0527052059724211,1.044378337025493,1.3395356669362342,1.7983168584598532,1.4244581066802158,1.0443786968357323,1.4244581066802158
8192,11,5,7539,0.003975880992780749,0.0005691350430996376,5.187783002400679,2.052750536953177,2.0913105595058847,2.5746747033729505,2.4950953772805167,2.4976395596919065,2.0913105595058847,2.4976395596919065
8192,11,6,7539,0.00217501567358525,0.0026556843245775816,5.622050608924198,2.7427946101369907,2.5930576245443877,3.006628769237276,5.255808117911709,5.122626071377607,2.593567399602899,5.122626071377607
8192,11,7,7539,0.007256025953605681,0.002257550856268209,7.791335616498445,2.227929018642462,2.1051443256842095,2.9232446674220123,3.07727893612492,3.1109593511730966,2.1051443256842095,3.1109593511730966
8192,11,8,7539,0.07100908818129756,0.02002349920883621,33.091313498073816,1.0608596384811597,1.0562893059650442,1.0927455074989938,9.463840115891077,1.1841519378266951,1.0562893059650442,1.1841519378266951
8192,11,9,7539,0.07060747457701401,0.19523641173248424,9.583096224882686,0.999978981502952,0.9997408354897419,1.0032562180931226,27.545204016447865,1.0135772120752509,0.9997405129722335,1.0135772120752509
8192,11,10,7539,0.3001099987097136,0.17360600821696193,45.88481032021307,1.0259229586935574,0.9920740145288391,1.4470529918525288,29.231226425247442,1.8784037582797448,0.9921135072201958,1.8784037582797448
8192,11,11,7539,0.08397287015281618,0.3679092770041594,27.144847251713813,0.9538818262610872,0.9504478722673976,1.0214206550841154,124.30277150024816,6.826218133114202,0.9504478722673976,6.826218133114202
8192,11,12,7539,0.006910906462196432,0.0009488851834266808,21.925890008194905,4.378968441253613,4.0666379360715075,3.985988315870093,2.651641359008448,2.214423448089117,4.066513177957924,2.214423448089117
8192,11,13,7539,0.02943768087087933,0.00226879769509876,35.96739150746628,2.1083325846499528,2.1199733032095214,1.9760175381535132,3.169837206400415,2.6947903002431466,2.123063767422122,2.6947903002431466
8192,11,14,7539,0.018105402965062387,0.009834606835379463,16.69067408696079,1.1599419223340406,1.1936687356548736,1.4793849852356378,5.410589409699389,1.3876996314342114,1.193585231206093,1.3876996314342114
8192,11,15,7539,0.009943050730466885,0.01434697006461545,11.659924234043617,1.032225419498071,1.0335743868926157,1.0663621857104226,10.278266651543108,1.1654746512489007,1.0335743868926157,1.1654746512489007
8192,11,16,7539,0.03267038610856578,0.06515273885320426,8.171310066773797,1.0075855246440553,1.0089048513429908,1.0217278444879432,11.690762994776694,1.0352474020444398,1.008925056158773,1.0352474020444398
8192,11,17,7539,0.032407025117237184,0.02292028414598485,5.037305397203275,1.0022608615407902,1.0018335565990928,1.0222517576302605,3.0978656087051215,1.0196378747460315,1.0018355519154365,1.0196378747460315
8192,11,18,7539,0.03150434421499617,0.007352096078292799,18.842562620352027,1.547326943300974,1.514532323298655,1.4882718869223561,2.729498556447631,1.9254487133108436,1.516148718757456,1.9254487133108436
8192,11,19,7539,0.022865817045969086,0.029173002126338027,2.563692889267477,1.004071967641166,1.003759081686715,1.0122796164224726,2.7259971370974823,1.0018743686924332,1.003759081686715,1.0018743686924332
8192,11,20,7539,0.030251042244720857,0.006462133097292593,20.331160137973484,1.2557151515603868,1.259168946361229,1.42321657196854,1.8996896160640069,1.2394403856803944,1.2587944387458516,1.2394403856803944
8192,11,21,7539,0.028228595426301482,0.0042298546797248406,18.103731451174557,1.0063969278658516,1.0101612457623774,1.0308459277319697,1.3612008751951419,0.9969291279379204,1.0101612457623774,0.9969291279379204
8192,11,22,7539,0.01877385055648411,0.01554084745753694,17.307618484982118,1.0145434804480522,1.0183714873559968,1.051049926301187,5.341506523616713,1.039231691511913,1.0183711865404192,1.039231691511913
8192,11,23,7539,0.03260142500043648,0.0045554078056745115,26.770571731618528,1.0237171433151657,1.028564762713755,1.0620605475235394,1.7257540438616699,1.0188278916329927,1.0285644742059887,1.0188278916329927
8192,11,24,7539,0.014303353879796489,0.0017654579453366505,20.372305785760297,1.1073526205515565,1.1398159067676836,1.2095177589558115,2.105846434736454,1.607807743005893,1.1398159067676836,1.607807743005893
8192,11,25,7539,0.0028631090692816503,0.002136008233008732,8.83462033268516,1.0144835262646978,1.0147047261734248,1.0471160930951786,3.9204835366463544,1.0346228035644673,1.0147047261734248,1.0346228035644673
8192,11,26,7539,5.759757988950989e-05,0.001567212622846278,1.444206913961126,1.1956393761430988,1.2154560339679255,1.2781752803342943,7.607471586205895,1.4350991609741197,1.2154560339679255,1.4350991609741197
8192,11,27,7539,0.024114444354361355,0.02103581061953745,9.474785847443968,1.0032845088901494,1.0037137804248515,1.0070890901720235,4.433301370988246,1.006398342385316,1.0037137804248515,1.006398342385316
8192,11,28,7539,0.01977582650215084,0.028294748899067794,17.4484349598695,1.1014306950646355,1.086161151806215,1.3157221736879188,16.76338092065992,1.4950326901211535,1.086044232593101,1.4950326901211535
8192,11,29,7539,0.061193246704042956,0.02924006379475175,19.425654592896088,1.1897029848908316,1.1660139881121312,1.3240763633407941,7.071654815345901,1.4243654023505352,1.1660139881121312,1.4243654023505352
8192,11,30,7539,0.04909475136417961,0.22083136157612482,11.37489191588246,1.028832101117389,1.0257515396027868,1.0491163970291963,41.09373463362897,1.2544719286676151,1.0257940049857397,1.2544719286676151
8192,11,31,7539,0.11383373908404644,0.04568692272158115,16.450935477616778,1.0067669086508484,1.00481856650809,1.0135318993550446,5.484791403211742,1.0293089796486314,1.0048409617148462,1.0293089796486314
8192,12,0,7539,0.09139832425901019,0.0004332466304303094,37.06738596961052,4.665465853803264,4.113478513865869,4.676315691589868,8.606171332879164,8.538188113834348,4.113478513865869,8.538188113834348
8192,12,1,7539,0.40257479195098284,0.015669035997149604,91.36043878463616,0.9901478597404657,0.9891561298459511,1.0230588466014756,3.9198691159066916,1.5887758744661586,0.9891551613806377,1.5887758744661586
8192,12,2,7539,0.013485597073574931,0.0026240638181010637,2.915827781164257,1.7756742069648965,1.7772542025923133,1.6993094621832392,1.997956842026535,1.9177921715075383,1.7785728873527473,1.9177921715075383
8192,12,3,7539,0.16840300210497822,0.13638535315772649,56.80124949392564,0.9768133936581337,0.9754899236345782,0.974828893715949,43.098294115755515,0.9593826140652382,0.9754945936715115,0.9593826140652382
8192,12,4,7539,0.002513286356828039,0.011852376286816093,1.82547048318472,1.569987036289774,1.5206558368171545,1.340063128209998,1.626639587478847,1.2901291405236033,1.5170553837783152,1.2901291405236033
8192,12,5,7539,0.003551620427940527,0.0034332514271298593,1.959378553888207,1.7026249768011315,1.5363259878187463,1.32588733680972,1.483477656268992,1.4077548978218102,1.5363786990944637,1.4077548978218102
8192,12,6,7539,0.0001625349865351091,0.00022103860642381086,1.2194809777560867,1.2196893196685799,1.1904048212169764,1.1330033031106206,1.1685060639436877,1.1563054615586124,1.1904048212169764,1.1563054615586124
8192,12,7,7539,0.00020465969249236805,0.00019468886726545318,2.0716130189289736,1.8163867632816533,2.047051513209294,1.4111090050831416,1.3121634548992027,1.3010828847608815,2.047051513209294,1.3010828847608815
8192,12,8,7539,0.029821180452702857,0.050742342449010394,4.547641740412238,1.1465995052264502,1.1336359835259728,1.2223645324521129,6.659282277407205,1.2316800572057665,1.133917749593518,1.2316800572057665
8192,12,9,7539,0.03313719957759547,0.07768274329653942,3.7844524185415067,1.0218992808752299,1.019821847889905,1.0305529910460607,7.485563243394734,1.0629387470519402,1.0197106510087346,1.0629387470519402
8192,12,10,7539,0.006370193007679307,0.0026262191124538,2.0798326236637066,1.5020167613275128,1.439607184449888,1.570141377086596,1.7418265250446203,1.6062831347964954,1.439607184449888,1.6062831347964954
8192,12,11,7539,0.007513663507408996,0.01101229455293699,2.2766336466410237,1.1691625654182016,1.1814272952063913,1.341709478535363,2.6888953330125034,1.1309646935756967,1.181356217897776,1.1309646935756967
8192,12,12,7539,0.0006254530110600719,0.00018411798370911032,2.3453333768930156,2.275576915404654,2.3115360859146716,1.8502455653607937,1.6598762455782654,1.6498297292774928,2.3115360859146716,1.6498297292774928
8192,12,13,7539,0.0045757141511253265,0.001527611558252531,5.411615660077711,2.9865935417960636,3.0732209712146927,2.3403480990937537,3.3196317135303897,3.1316008661817896,3.0732209712146927,3.1316008661817896
8192,12,14,7539,0.0009084455679798184,0.0003087931256317295,2.068039570993161,1.9431416595373106,1.9973179729333073,1.6285280127206796,1.5265691118548903,1.5103112662769884,1.9886473366375994,1.5103112662769884
8192,12,15,7539,0.0020645528615081837,0.0006514886309128263,5.479086076549608,5.19708733297695,5.200204828752359,3.9124524350089898,2.751973629045891,2.706843580636338,5.200204828752359,2.706843580636338
8192,12,16,7539,0.014927615153858953,0.00445265415755228,6.784149160605471,1.5769770620004966,1.548775576055488,1.6318604160466272,2.6841174515987545,2.0009771894061514,1.5487554126996455,2.0009771894061514
8192,12,17,7539,0.027271185137476815,0.006267081369598128,34.152609134539624,1.3580574152290499,1.365999347463725,2.1445467215386285,8.132521267636953,2.5256570174386477,1.3659952280988126,2.5256570174386477
8192,12,18,7539,0.020025125979861884,0.0011214042207606926,5.039244740618893,2.3736634448740235,2.369291602433459,2.2290879469886358,2.4643067362506224,2.4003879744783525,2.369483485108393,2.4003879744783525
8192,12,19,7539,0.07162379880517673,0.05709172294944665,36.765046726851374,1.0447970935559465,1.051503548815756,1.0947912705679292,29.761899406915283,1.9088028727927728,1.0515491908263679,1.9088028727927728
8192,12,20,7539,0.03335075774217516,0.050131421847378954,7.0676800956310535,1.384732537603745,1.406258879232624,1.3211572297068424,3.8842179197234232,1.479120613805784,1.4061891861048685,1.479120613805784
8192,12,21,7539,0.10396396124588739,0.05935581700380187,18.807917401481795,0.9952272274257187,1.0001297069849266,1.0142568403411756,8.250584375580884,1.0916224102862357,1.0001099185809936,1.0916224102862357
8192,12,22,7539,0.2799017248241212,0.05079589180819195,34.34315274787944,1.436938633664973,1.4206305398960581,1.7503111796086603,4.725712607189279,1.7035213018286077,1.4206305398960581,1.7035213018286077
8192,12,23,7539,0.10825576653048916,0.11369157161956764,22.819179664694197,1.0579048046289077,1.060522415979797,1.2478502849505495,16.66313673546876,1.1687785507864967,1.060522415979797,1.1687785507864967
8192,12,24,7539,0.03702585875908568,0.05481838553481192,17.324021015242156,1.0078815408581818,1.0090358988521366,1.0778525040988955,19.258627751777777,1.222866263168712,1.0091153106057122,1.222866263168712
8192,12,25,7539,0.09207599054796521,0.009401312392957628,60.17888414159774,1.2587375408953159,1.2703375464977797,1.347305597552081,4.128662838812063,1.4084184128751103,1.270248383015402,1.4084184128751103
8192,12,26,7539,0.06691125742744729,0.029908388476368387,51.41440832211942,1.2872842951332166,1.251842009870905,1.6265242659322277,16.693664281003947,2.4916032449675893,1.251842009870905,2.4916032449675893
8192,12,27,7539,0.027671463818864143,0.005533953831698973,48.76859675704417,1.5339571259037328,1.5727282530880737,1.5991774611892464,5.676773080588827,1.8902334252613608,1.5719987508109776,1.8902334252613608
8192,12,28,7539,0.008872823600743948,0.0018199287357351338,8.445080368011498,1.6351118488361533,1.709704364004272,1.551331205524602,2.0897927235606826,1.8314401407189795,1.7101203968797578,1.8314401407189795
8192,12,29,7539,0.0003128409090924132,0.00024276495441239593,2.1395868181631053,2.0673715811333095,2.125873948991124,1.6134323189529933,1.6110616165518925,1.605592796122269,2.125873948991124,1.605592796122269
8192,12,30,7539,0.010534652662877682,0.010711997598632542,17.465959513705773,1.0794983233855475,1.0805907298671529,1.1647221152410665,7.995745241225843,1.4936760464371865,1.0803263645544312,1.4936760464371865
8192,12,31,7539,0.0009157567103524522,0.0001932726576036853,2.0407194942149807,1.8868318895129543,1.9743049001781252,1.5313499613086208,1.6121922888222497,1.609231715693819,1.9743049001781252,1.609231715693819
8192,13,0,7539,0.00014890084327129162,0.0011611913996620957,2.564497618393314,2.442049938422397,2.559681532545447,2.096638421869277,1.6298032848634392,1.563046470717604,2.559681532545447,1.563046470717604
8192,13,1,7539,0.0011660732570362622,0.0011883308780242417,2.617039518597168,2.5082469925313684,2.616218357365875,1.796036828064751,1.4279672853514471,1.4026587538736195,2.616218357365875,1.4026587538736195
8192,13,2,7539,0.000106814100005014,0.0007019899794465604,2.865086717329839,2.741091154897027,2.859154215854761,2.0494981436999393,1.783503198955491,1.7570685222884543,2.859079034281526,1.7570685222884543
8192,13,3,7539,0.0013736229150488957,0.007458114345674194,5.542858180138193,2.212449161487963,2.5107410665337473,2.3706395421388917,8.068011201521701,2.529684856330084,2.510562675877529,2.529684856330084
8192,13,4,7539,0.0003214340678314571,0.0002822466585161401,2.1091338723814217,1.803157965649603,1.778817278939753,1.6311146830610337,1.758784996425788,1.6136333753651122,1.777984361668947,1.6136333753651122
8192,13,5,7539,0.013204730070625658,0.03856106211003191,10.31695460421816,1.2702208673476088,1.2450297612149994,1.4864391911438022,17.37992454757729,1.8453538920687123,1.2434800979148644,1.8453538920687123
8192,13,6,7539,0.004416403925577287,0.0006009851127170201,6.846287202288449,1.8586051919778324,1.8323552324168957,1.7117429758947045,1.9393890313080189,1.7265058270648252,1.833486926543466,1.7265058270648252
8192,13,7,7539,0.007864455992127702,0.0023510731004881043,6.425442530392869,1.778862910468734,1.7681244368249993,1.70741930622782,2.247769272333124,1.8488281690416857,1.7681244368249993,1.8488281690416857
8192,13,8,7539,0.04619536844465697,0.11381331696437846,23.147579794241555,1.1520089291353668,1.1498537347440485,1.2675203040893626,32.1376490189308,2.2681524076501067,1.149764335841145,2.2681524076501067
8192,13,9,7539,0.08632193989777473,0.005969107485490664,26.67009328103091,1.0707407195165655,1.0438138466179006,1.1227722250377334,1.791309746868807,1.2389105024501845,1.0438138466179006,1.2389105024501845
8192,13,10,7539,0.07985691433247456,0.013896399538876085,21.762121421589992,1.9196626735401212,1.5793318734390154,1.6596936094375383,2.3793454317819482,2.0165372725739577,1.5795031692855266,2.0165372725739577
8192,13,11,7539,0.019094361031524742,0.0041472202370869595,8.991227030407433,1.5800137278065616,1.392054711199163,2.1999855896508196,4.13386038753897,4.2126957083041265,1.392054711199163,4.2126957083041265
8192,13,12,7539,0.007652126173019311,0.0032572361252686216,15.979467249479892,1.401262826511431,1.4259843111759152,1.5620742959010712,4.973370700414622,1.5910259023671778,1.4259843111759152,1.5910259023671778
8192,13,13,7539,0.007375551995769465,0.008156838868902595,5.758893539359333,1.210805964405328,1.2173255655734703,1.4221527892840193,5.075381446030224,1.2858395432117937,1.2173255655734703,1.2858395432117937
8192,13,14,7539,0.0008688977778155734,0.001324233339566228,1.7687099174949814,1.230988434009122,1.2249756505196008,1.206629927420892,1.8090748065106326,1.2614897897879849,1.2249756505196008,1.2614897897879849
8192,13,15,7539,0.05511506279993939,0.06731743613384526,15.82230568575368,1.0098358873235664,1.0082521536495341,1.0410546101164497,18.132075920987067,1.153353893520659,1.0082521536495341,1.153353893520659
8192,13,16,7539,0.001675499400917029,0.0010436891534756308,1.7357803106579508,1.6389747371976322,1.6044528059555003,1.4087971007934206,1.2446385892073466,1.2433570163737286,1.6052171935269206,1.2433570163737286
8192,13,17,7539,0.017242291607429728,0.02060397718585325,11.634126235002304,1.5056065500573468,1.489237125476642,1.7305419420124561,8.537213183052462,2.3192452118959612,1.4890055235988113,2.3192452118959612
8192,13,18,7539,0.0017092276990465032,0.017205289806487122,3.769140398479101,1.157729432628428,1.1721097220320402,1.4541414094770515,28.643879278613507,1.8319412045739305,1.1720978660468242,1.8319412045739305
8192,13,19,7539,0.0019351031592644149,0.026315406653248816,1.494300714103363,1.4836674270879513,1.4336463085236346,1.5112690378791884,1.2895294698643909,1.325881916797284,1.4341570571906164,1.325881916797284
8192,13,20,7539,0.0009958578414256591,0.0017248480200662125,17.97685101180319,17.39732683649186,18.176998155848853,16.987515752840807,10.324549387732448,10.23328399604685,18.176998155848853,10.23328399604685
8192,13,21,7539,0.002450507545965643,0.0008732416005811901,6.776373241841101,6.684571330666733,6.669691924997205,5.3052314567621535,3.481954388655459,3.4015483536067914,6.669691924997205,3.4015483536067914
8192,13,22,7539,2.0575886488148366e-05,0.0008319231578611101,9.889463351329585,9.405826711368716,9.890030116442388,8.059740767749135,3.5713619959803298,3.490957208305363,9.890030116442388,3.490957208305363
8192,13,23,7539,0.014718424326265979,0.006260980455261017,21.508893200826623,2.1325360076076527,2.3162227838698937,2.9495868247624393,6.292802907522703,1.9822349122743816,2.316223606002157,1.9822349122743816
8192,13,24,7539,0.036314004784989175,0.06740464674264054,65.35818838848444,1.6190348771236243,1.5907909733001542,1.8863137606347142,120.28868752214595,13.950287057718116,1.5907909733001542,13.950287057718116
8192,13,25,7539,0.0800170305394175,0.005259619314215504,50.79950755047342,1.1837939376186577,1.1628550883408466,1.2630159995545924,4.626750428839312,2.274507102260012,1.1628550883408466,2.274507102260012
8192,13,26,7539,0.014822327668195065,0.16965241625024752,8.77218412526294,0.83739019975521,0.8323417606157117,0.7879503190222511,114.09010319731983,5.574381568721044,0.8323417606157117,5.574381568721044
8192,13,27,7539,0.029084901020070407,0.23996861689483376,9.168187987894694,1.32089398960335,1.3200245004422682,1.4660376221818587,78.72185691329007,6.1950712791035984,1.3200850114795724,6.1950712791035984
8192,13,28,7539,0.17540916173072416,0.03928885523206336,22.59291585122589,1.0408860242729412,1.0441177718945889,1.1108876397010095,3.6225215620818836,1.186305935577866,1.0441017761113898,1.186305935577866
8192,13,29,7539,0.1548146044621432,0.017728629170810487,34.51608970541169,1.0484914319556284,1.0613798241090455,1.15031721208707,3.747115769642915,1.5744652530534433,1.0614092430184694,1.5744652530534433
8192,13,30,7539,0.0494007199461639,0.07897934882630252,8.975739655712863,0.9968156660289859,1.000671881289214,1.0153986969969817,12.221573112055294,1.0912314932715952,1.000671881289214,1.0912314932715952
8192,13,31,7539,0.0029684125516276213,0.0032599966727030675,3.5990316671139957,1.2631806107545358,1.2808065162131426,1.4235598710062958,2.725948498202838,1.3191974191511544,1.2808065162131426,1.3191974191511544
8192,14,0,7539,0.0026715407128999153,0.005595524973036735,1.6840776790089105,1.0626746314614492,1.0666840539215052,1.094497862335211,1.518530668057094,1.13918190859867,1.0669692597788354,1.13918190859867
8192,14,1,7539,0.019697821014930252,0.036269528684456306,15.215918660687242,1.0119057548106185,1.000213430922529,1.0255064521132349,11.186088594767929,1.050539419358083,1.0002157705102634,1.050539419358083
8192,14,2,7539,0.00010354830955758156,0.0004205852554896601,1.7360367553333902,1.6326274501050897,1.7305676784567725,1.57337271065772,1.443665703014182,1.4304279897540113,1.7308085175856698,1.4304279897540113
8192,14,3,7539,0.00011229698632432158,0.0014144530643357687,2.803444892084715,2.5872119131903744,2.8064314530703056,2.7385460480913886,1.8064376704849756,1.7632843649168637,2.8064314530703056,1.7632843649168637
8192,14,4,7539,0.05627706080904224,0.01257296603257664,28.423903107505808,1.2620350983661763,1.266943099924795,1.4339137962950101,5.720764501182942,1.4934456189175653,1.266235739271414,1.4934456189175653
8192,14,5,7539,0.21666727303443453,0.0543621376900328,21.59433649863241,1.0702457334618476,1.0744889357859253,1.1562616928280904,7.2016582901187425,1.1252517189331275,1.0748482597743776,1.1252517189331275
8192,14,6,7539,0.048136803909488636,0.07089731006281037,15.931987345574946,1.3232155130030254,1.3252131432008294,1.4509742133739132,25.818238039266927,2.315413084810539,1.3252041770471794,2.315413084810539
8192,14,7,7539,0.06037000075740501,0.03312702877233755,10.409188281306378,1.6840035321777587,1.678669675413111,1.7464007208838284,4.5983164711667035,1.8536575367398525,1.6774876769845484,1.8536575367398525
8192,14,8,7539,0.002479074000002377,0.006328732345547213,10.009459119887818,1.9830768777196524,2.083452836134148,1.6089328148733382,3.765543536347056,1.3269352277990614,2.083452836134148,1.3269352277990614
8192,14,9,7539,0.0008937256823923748,0.0004378982599936207,3.4268333678829617,2.918417339140235,2.932975869079739,2.145849595798338,1.8635478082765429,1.8478509447962366,2.932975869079739,1.8478509447962366
8192,14,10,7539,0.01539591188553351,0.1687260626615526,7.973695287338918,0.9996526469611257,1.0026451286333,1.0109886350164337,23.827863358244347,1.0817255748886212,1.0026451286333,1.0817255748886212
8192,14,11,7539,0.00026150752258254214,0.0008135772381810186,3.499627306654054,3.161222498261954,3.4147168595120485,2.4762255999094043,1.8764648020729824,1.8412570488921602,3.4147168595120485,1.8412570488921602
8192,14,12,7539,0.00012821016684897547,0.0003568187793624269,1.9431243577407196,1.9122770947435621,1.9213159158709234,1.642572967344274,1.8834361152398342,1.8799513378934878,1.9211624689431732,1.8799513378934878
8192,14,13,7539,0.0013481349720572352,0.0057479104300904105,3.8481816247030296,1.7325046352451052,1.7552527034768768,1.6816311628311003,2.4507169409787166,1.7518316749391503,1.7552527034768768,1.7518316749391503
8192,14,14,7539,0.0002672483875097225,0.0006592847307056419,2.102435285734577,2.0363073716763926,2.071223790137477,1.9017519876601168,1.7649351474081076,1.7549538529492135,2.071223790137477,1.7549538529492135
8192,14,15,7539,0.00017572973037119726,0.0008980675220388634,2.325902028602899,2.163196077360941,2.302415809887287,1.8244348817129903,1.7417167010963466,1.71897876636259,2.3023769148597166,1.71897876636259
8192,14,16,7539,0.0021748502505293398,0.0051193176117677345,1.9960953470032594,1.9822222939679672,2.0150997170776126,1.7937242440454353,1.2640448018425585,1.2241173995887538,2.0150997170776126,1.2241173995887538
8192,14,17,7539,8.15827364700537e-05,0.00017820692964498234,1.1501612963735803,1.1334332198848653,1.1479227700266736,1.2774960704608156,1.3382178112566876,1.3272172646880034,1.147878353942163,1.3272172646880034
8192,14,18,7539,0.002701677238500252,0.0006642993698004375,1.110861524861632,1.044787683658308,1.041628559471357,1.1112910086913628,1.1557523394679814,1.127491085258696,1.0416166328698986,1.127491085258696
8192,14,19,7539,0.040430353499924604,0.08918404811122974,6.2027104955877075,1.2083219051517688,1.2183322023587364,1.4094338704660685,10.256874471949725,1.091930475357661,1.2183322023587364,1.091930475357661
8192,14,20,7539,0.0012093343934521906,0.00015182141823710446,3.8251129877732715,3.5890394345679892,3.802982939146376,2.716776812117028,2.0109115015367363,1.9997644560614969,3.802982939146376,1.9997644560614969
8192,14,21,7539,5.2292181716903095e-05,0.00037695945906716515,3.1378514836289053,2.967976397174572,3.1394604784523037,2.377519218237927,1.75237167607624,1.7306098070375422,3.139486333985049,1.7306098070375422
8192,14,22,7539,0.001085483318977619,0.00022765376162345844,2.579091113144773,2.4876299963564126,2.5995634999067225,2.106293385105241,2.0017344783764317,1.9896388660801558,2.5995634999067225,1.9896388660801558
8192,14,23,7539,0.0002937823546404339,0.0011493387353942093,1.661479186012527,1.2506539837266142,1.3488423225793726,1.6312717216784882,2.510505876527274,1.8860515381013185,1.3509241508379233,1.8860515381013185
8192,14,24,7539,0.23509769412488604,0.006496477346904658,24.376831845899783,1.0033567390576041,1.0022049317331754,1.0182522953685798,1.4252018715320132,1.0909659386706847,1.0022049317331754,1.0909659386706847
8192,14,25,7539,0.6770240616507215,0.01148866495609895,77.17175874537081,0.6944778584950889,0.71595960904804,0.6170059453652725,2.8191883505355264,1.3029086133428835,0.7160539989287689,1.3029086133428835
8192,14,26,7539,0.07550140656340976,0.003547456366286901,25.413615527010037,1.2526531072125229,1.235534785430216,1.4365176562074393,2.047340786310949,1.3866592064625696,1.235534785430216,1.3866592064625696
8192,14,27,7539,0.020715311033036258,0.014090044772233428,7.586277951725216,1.7043464157985977,1.6763633667679894,2.1374102609137196,4.20352848163851,2.149330700421134,1.6763633667679894,2.149330700421134
8192,14,28,7539,0.001217399597009695,0.0008948472368111684,2.564992671789039,2.299168167794858,2.478486430094022,1.8801509029385093,1.6254996002468143,1.6080325080714122,2.4803835828339764,1.6080325080714122
8192,14,29,7539,0.00011588032148428381,0.0010096553491655731,2.228832643105209,2.168796310589961,2.2215373881045597,1.8650047803825536,1.6434455548407536,1.6290074487238935,2.2215951003275145,1.6290074487238935
8192,14,30,7539,0.00045775293519913684,0.0003814815190675763,2.33105016768298,2.2131967842407474,2.2801851934150927,2.137982228989723,1.661529636751324,1.6516702850407141,2.2801851934150927,1.6516702850407141
8192,14,31,7539,8.104017585331853e-05,0.001094194256472195,2.832412961253979,2.655544314254755,2.826315243827004,2.1771939585034668,1.7238225108273022,1.6960775832119963,2.8255856506797254,1.6960775832119963
8192,15,0,7539,0.2080783990275976,0.04805415015186926,20.865389547390752,0.9703644197329554,0.9690268151303213,0.9703531684147427,6.393671045548674,0.9382898484033968,0.9690399529955771,0.9382898484033968
8192,15,1,7539,0.032953249834719034,0.026250093614964422,13.38965675291417,1.8827248671910772,1.8478058845157588,2.055010309488718,10.290049221022434,1.7481315477994452,1.8478058845157588,1.7481315477994452
8192,15,2,7539,0.18693703907269976,0.01716568013337651,42.799951887056196,1.0518984000911669,1.0397086403324118,1.3098576408772202,4.485336316954953,1.5304225779916378,1.0397086403324118,1.5304225779916378
8192,15,3,7539,0.061790638917197126,0.013728005362743947,20.405797583418558,1.1391779757127019,1.1320076259993344,1.27411750293726,5.5577496813400025,1.1463040849697217,1.1319693776518505,1.1463040849697217
8192,15,4,7539,3.109420143417201e-05,0.0002492338734475695,1.9953728787055074,2.034696497054977,1.9944640834407266,1.9447742814699711,1.320114159999139,1.3101206388435427,1.9941240320014282,1.3101206388435427
8192,15,5,7539,0.0032232772247079034,0.00467676323980918,3.3481215320604396,1.8498589196806767,1.9727344725525804,1.5501966626140624,1.6476393589356915,1.319424226112313,1.9727344725525804,1.319424226112313
8192,15,6,7539,0.010855220429638044,0.07052703840974421,5.299784785977226,1.1512173476707777,1.1538755453684508,1.2222179707750886,11.296182700699873,1.3468425781393567,1.153965485791467,1.3468425781393567
8192,15,7,7539,7.420707327177553e-05,0.00030221169164146636,1.238284320236003,1.2954382742184491,1.2346669291413057,1.3454548361676073,1.2418269836166007,1.2108087503655947,1.2346669291413057,1.2108087503655947
8192,15,8,7539,0.045257601841748686,0.024396699814339208,8.903249989589249,2.7645713176847635,2.7506240870034135,3.065523739028021,3.4250335232377154,1.6003278094686517,2.7506240870034135,1.6003278094686517
8192,15,9,7539,0.053898745478438675,0.014916145855105067,21.65576429625782,0.9608020354135662,0.9666482142926375,1.4025530910213628,7.270728580505766,2.2129284342576336,0.9666482142926375,2.2129284342576336
8192,15,10,7539,0.01898384562141575,0.011518059704001512,30.840589175409093,1.5894540636368268,1.5612174541248869,2.205561453168959,24.76450345460081,7.580830182155317,1.5612174541248869,7.580830182155317
8192,15,11,7539,0.25250877816604567,0.029495783946435674,35.656714607661925,1.2152337147092283,1.2393174536362295,1.5165701425702947,4.99987307164713,2.356032810106187,1.2393174536362295,2.356032810106187
8192,15,12,7539,0.004072143515648043,0.0014262928432960576,2.7737576304389213,2.299996062291795,2.2827215729938874,1.8996813692412904,1.661909177003862,1.5751244040825438,2.282858698618879,1.5751244040825438
8192,15,13,7539,0.005898599038040142,0.0027466594782143603,2.6704279952688035,1.7634800615036006,1.7524839343162582,1.4760004121953663,1.5964679309462118,1.4432463698998974,1.7524839343162582,1.4432463698998974
8192,15,14,7539,0.8608346028455872,0.025152978135395895,124.63532853336085,1.085087931035529,1.0857584017850155,1.113996299850399,5.283905724848583,2.1851943927601987,1.0857584017850155,2.1851943927601987
8192,15,15,7539,0.03244455806223465,0.017098931375226185,17.109399325894138,1.02739321742282,1.0273424164608864,1.0697678494016534,6.95135423704179,1.1349407682220258,1.0273424164608864,1.1349407682220258
8192,15,16,7539,3.2580714131089546e-05,0.001039481587626182,5.234614795366188,5.423424703826584,5.231279840269402,5.179353262364202,2.556780978343981,2.522720386173173,5.2317941017943195,2.522720386173173
8192,15,17,7539,0.0001503752308377819,0.0023314984363385196,5.589492763388322,5.39962771087733,5.571562152970484,4.097170736142621,2.5679933949883793,2.503361448557633,5.572797233872712,2.503361448557633
8192,15,18,7539,0.006235032619868796,0.0490220946788182,7.289101878479127,1.1534224833362055,1.1910151114150829,1.3908831569393139,16.567258307225234,1.1580936093126484,1.1909894294707017,1.1580936093126484
8192,15,19,7539,0.00021489486677618593,0.0013575849264795131,2.564728678644855,2.404777798324013,2.5489018983696266,2.3196912681343522,1.5705714289672814,1.4942962622363725,2.534762477547199,1.4942962622363725
8192,15,20,7539,2.6069467512604527e-05,0.0002688864118343768,1.9018665122430054,1.81799316003993,1.9013249932128602,1.6725611014662758,1.4219825640323949,1.4109691998509728,1.901140810261439,1.4109691998509728
8192,15,21,7539,9.53608501180526e-05,0.00040526601972539394,2.123717764564568,2.030847061197478,2.1237579723975197,1.8250133448954302,1.3629761666824252,1.3427741830030597,2.1237579723975197,1.3427741830030597
8192,15,22,7539,0.0012026990530407291,0.0028235108943111494,1.635550179140115,1.498357251387387,1.5093581077028029,1.3005738271305833,1.3787270470891262,1.3062750257631914,1.5093581077028029,1.3062750257631914
8192,15,23,7539,0.670261577679341,0.01616525788748353,127.19344289462315,0.9282863437607709,0.9171042584505474,0.8839638662953422,1.6060379937905345,0.4883422096819091,0.9170992016061921,0.4883422096819091
8192,15,24,7539,0.3121858619187783,0.06479245049733735,48.873925561200366,1.0357743271151927,1.0219439700596702,1.210053271240264,11.090214608859034,1.2072377306175486,1.0219433582177508,1.2072377306175486
8192,15,25,7539,0.6234740370658548,0.02241382617755856,68.37966164585322,0.9102619877440092,0.9031987316841827,0.8412025478047527,3.10857805565048,0.7680823360260931,0.9031987316841827,0.7680823360260931
8192,15,26,7539,0.12804762347165938,0.017483162138752104,22.743083536794366,2.0133485285404586,1.8859887118165988,2.882928404506048,3.566804526252664,1.7461472095158515,1.8859887118165988,1.7461472095158515
8192,15,27,7539,0.011963299481777817,0.007960945416981767,4.400627150670901,4.220396130323846,3.7624344590488135,2.9076974374190456,2.1211180806798238,2.0336705752563677,3.7623660079190073,2.0336705752563677
8192,15,28,7539,0.03631667084159216,0.011515204843058584,82.68583307409011,2.2132102903914235,2.3308945619859984,1.9035011932852723,4.160322771373412,2.1261666909022634,2.328606030564083,2.1261666909022634
8192,15,29,7539,0.0002197334175508791,0.0001398394586510737,2.1883472506453208,2.1589525289574967,2.1966375267521356,1.7101357116131128,1.5284410006269067,1.5220905697404348,2.1966375267521356,1.5220905697404348
8192,15,30,7539,0.0005804251304639041,0.0003073599648846563,2.2529219756433307,2.165194756009916,2.2215372557039172,1.836847237262405,1.4627851031971568,1.4602406392362273,2.2212253325634244,1.4602406392362273
8192,15,31,7539,0.00021946876556386827,0.0002093426803245458,1.8147672185717658,1.770818285015614,1.804338248134919,1.502055273882084,1.370646142016006,1.3666748742989225,1.8028803386475616,1.3666748742989225
